sop,inst,x_min,y_min,x_max,y_max
1.3.6.1.4.1.14519.5.2.1.6655.2359.238198389616163769903505828199,24,369.0,186.0,411.0,221.0
1.3.6.1.4.1.14519.5.2.1.6655.2359.228957801649899893877006758480,25,378.0,182.0,414.0,227.0
1.3.6.1.4.1.14519.5.2.1.6655.2359.334570254423653080138417343033,26,368.0,177.0,415.0,225.0
1.3.6.1.4.1.14519.5.2.1.6655.2359.732412729261767308711616247014,27,374.0,171.0,415.0,228.0
1.3.6.1.4.1.14519.5.2.1.6655.2359.109807160066499666743414104429,28,379.0,170.0,416.0,224.0
1.3.6.1.4.1.14519.5.2.1.6655.2359.314895076055819555447758397985,29,374.0,155.0,416.0,224.0
1.3.6.1.4.1.14519.5.2.1.6655.2359.175931876574043749099278886977,30,385.0,166.0,409.0,198.0
