sop,inst,x_min,y_min,x_max,y_max
1.3.6.1.4.1.14519.5.2.1.6655.2359.302053062908322183530442448219,104,147.0,336.0,164.0,361.0
1.3.6.1.4.1.14519.5.2.1.6655.2359.602530799697363168832242855766,105,142.0,336.0,164.0,360.0
1.3.6.1.4.1.14519.5.2.1.6655.2359.313121735213541215341995092303,106,144.0,333.0,166.0,359.0
1.3.6.1.4.1.14519.5.2.1.6655.2359.147177325586849822991141741566,107,142.0,338.0,163.0,356.0
1.3.6.1.4.1.14519.5.2.1.6655.2359.142225198368250032283699012318,108,140.0,336.0,162.0,357.0
1.3.6.1.4.1.14519.5.2.1.6655.2359.228165600044437354987319353036,109,143.0,335.0,166.0,359.0
1.3.6.1.4.1.14519.5.2.1.6655.2359.186749173663590980943721683663,110,142.0,336.0,169.0,365.0
1.3.6.1.4.1.14519.5.2.1.6655.2359.226316883389080782681790937083,111,140.0,337.0,165.0,364.0
