sop,inst,x_min,y_min,x_max,y_max
1.3.6.1.4.1.14519.5.2.1.6655.2359.136512007781551636753459163587,13,184.0,291.0,227.0,325.0
1.3.6.1.4.1.14519.5.2.1.6655.2359.712378024248070046707597873315,14,189.0,289.0,226.0,325.0
