sop,inst,x_min,y_min,x_max,y_max
1.3.6.1.4.1.14519.5.2.1.6655.2359.181606322671641926666467369772,26,190.0,296.0,226.0,339.0
1.3.6.1.4.1.14519.5.2.1.6655.2359.761539051735093408093515311301,27,187.0,291.0,227.0,332.0
1.3.6.1.4.1.14519.5.2.1.6655.2359.213922895425876006220738699029,28,175.0,284.0,221.0,324.0
