sop,inst,x_min,y_min,x_max,y_max
1.3.6.1.4.1.14519.5.2.1.6655.2359.168778437323661592253283905880,4,363.0,279.0,407.0,321.0
1.3.6.1.4.1.14519.5.2.1.6655.2359.116239286022087004651677932261,5,366.0,274.0,405.0,317.0
1.3.6.1.4.1.14519.5.2.1.6655.2359.246582181160741376950581755974,6,361.0,265.0,403.0,315.0
1.3.6.1.4.1.14519.5.2.1.6655.2359.292927503087994165401309067647,7,366.0,269.0,401.0,314.0
1.3.6.1.4.1.14519.5.2.1.6655.2359.877175238524756566408551290298,8,369.0,282.0,391.0,306.0
