sop,inst,x_min,y_min,x_max,y_max
1.3.6.1.4.1.14519.5.2.1.6655.2359.147198103493332946669970413371,3,363.0,277.0,401.0,317.0
1.3.6.1.4.1.14519.5.2.1.6655.2359.232319466017677340414596895120,4,357.0,277.0,406.0,320.0
1.3.6.1.4.1.14519.5.2.1.6655.2359.268566514178267961368515599804,5,360.0,269.0,408.0,318.0
1.3.6.1.4.1.14519.5.2.1.6655.2359.652753677728642068814682345363,6,360.0,263.0,410.0,321.0
1.3.6.1.4.1.14519.5.2.1.6655.2359.237638289870767863057989515572,7,362.0,265.0,404.0,314.0
1.3.6.1.4.1.14519.5.2.1.6655.2359.223987135513005499994193615037,8,363.0,271.0,399.0,308.0
