sop,inst,x_min,y_min,x_max,y_max
1.3.6.1.4.1.14519.5.2.1.6655.2359.139312434199834644449782422923,5,301.0,264.0,342.0,330.0
1.3.6.1.4.1.14519.5.2.1.6655.2359.103939357593067735841619167103,6,301.0,260.0,349.0,324.0
1.3.6.1.4.1.14519.5.2.1.6655.2359.297498817340030639389395764633,7,295.0,250.0,367.0,331.0
1.3.6.1.4.1.14519.5.2.1.6655.2359.559646425803010692865450284300,8,298.0,243.0,361.0,341.0
1.3.6.1.4.1.14519.5.2.1.6655.2359.132222391329854821036044087586,9,298.0,249.0,357.0,330.0
1.3.6.1.4.1.14519.5.2.1.6655.2359.332586925709778319076798549391,10,302.0,260.0,356.0,316.0
