sop,inst,x_min,y_min,x_max,y_max
1.3.6.1.4.1.14519.5.2.1.6655.2359.160875058805243831325399313425,26,151.0,231.0,209.0,306.0
1.3.6.1.4.1.14519.5.2.1.6655.2359.322414880199166140666879411491,27,158.0,229.0,220.0,295.0
1.3.6.1.4.1.14519.5.2.1.6655.2359.243044419257084496587759107079,28,163.0,230.0,213.0,348.0
1.3.6.1.4.1.14519.5.2.1.6655.2359.578019090969731680046585202989,29,156.0,217.0,210.0,319.0
1.3.6.1.4.1.14519.5.2.1.6655.2359.185325577242281883860355307737,30,155.0,219.0,206.0,319.0
1.3.6.1.4.1.14519.5.2.1.6655.2359.903910792020483720446319516810,31,155.0,221.0,213.0,299.0
1.3.6.1.4.1.14519.5.2.1.6655.2359.929685842322821843664450673750,32,156.0,256.0,206.0,305.0
1.3.6.1.4.1.14519.5.2.1.6655.2359.306965235435311737742515556380,33,140.0,245.0,195.0,306.0
