sop,inst,x_min,y_min,x_max,y_max
1.3.6.1.4.1.14519.5.2.1.6655.2359.249488852582124484252263736322,33,126.0,276.0,173.0,350.0
1.3.6.1.4.1.14519.5.2.1.6655.2359.417113464695381305177649433899,34,125.0,283.0,162.0,352.0
1.3.6.1.4.1.14519.5.2.1.6655.2359.245293296851387500832219045418,35,118.0,287.0,160.0,350.0
1.3.6.1.4.1.14519.5.2.1.6655.2359.340519372548139929411703859049,36,119.0,293.0,158.0,343.0
1.3.6.1.4.1.14519.5.2.1.6655.2359.342186693093594959061116544224,37,111.0,295.0,158.0,341.0
1.3.6.1.4.1.14519.5.2.1.6655.2359.116717669194509773341032494007,38,112.0,300.0,149.0,339.0
1.3.6.1.4.1.14519.5.2.1.6655.2359.225559761976722279321895883038,39,112.0,303.0,149.0,336.0
1.3.6.1.4.1.14519.5.2.1.6655.2359.943675373673682899732572564938,40,109.0,299.0,145.0,334.0
1.3.6.1.4.1.14519.5.2.1.6655.2359.802936568594678659826749976195,41,109.0,303.0,135.0,331.0
