sop,inst,x_min,y_min,x_max,y_max
1.3.6.1.4.1.14519.5.2.1.6655.2359.101746074941212437001071621216,15,170.0,172.0,228.0,239.0
1.3.6.1.4.1.14519.5.2.1.6655.2359.278677480447888256475780020374,16,169.0,160.0,227.0,237.0
1.3.6.1.4.1.14519.5.2.1.6655.2359.250669304547253991810356162907,17,166.0,163.0,231.0,231.0
