sop,inst,x_min,y_min,x_max,y_max
1.3.6.1.4.1.14519.5.2.1.6655.2359.189459051131876355341653043097,10,310.0,232.0,336.0,269.0
1.3.6.1.4.1.14519.5.2.1.6655.2359.303436882317742106692867887436,11,309.0,221.0,349.0,278.0
1.3.6.1.4.1.14519.5.2.1.6655.2359.126358346043967034213819663499,12,311.0,227.0,353.0,278.0
1.3.6.1.4.1.14519.5.2.1.6655.2359.179168311930547426606012175758,13,315.0,233.0,372.0,284.0
1.3.6.1.4.1.14519.5.2.1.6655.2359.338329362890539031808864899435,14,326.0,236.0,362.0,300.0
