sop,inst,x_min,y_min,x_max,y_max
1.3.6.1.4.1.14519.5.2.1.6655.2359.123789528025855100152428535453,13,163.0,250.0,204.0,295.0
1.3.6.1.4.1.14519.5.2.1.6655.2359.330105475829612111355825173186,14,162.0,240.0,215.0,306.0
1.3.6.1.4.1.14519.5.2.1.6655.2359.225688519582278101334050533332,15,160.0,236.0,210.0,303.0
1.3.6.1.4.1.14519.5.2.1.6655.2359.229170217203839067301743102467,16,165.0,234.0,210.0,300.0
1.3.6.1.4.1.14519.5.2.1.6655.2359.185862077965948311396840759111,17,172.0,239.0,207.0,289.0
1.3.6.1.4.1.14519.5.2.1.6655.2359.112404795707002677974262897334,24,195.0,214.0,220.0,235.0
1.3.6.1.4.1.14519.5.2.1.6655.2359.170334767614809677717989021405,25,196.0,212.0,222.0,251.0
1.3.6.1.4.1.14519.5.2.1.6655.2359.333522494083434734865373730491,26,192.0,207.0,225.0,248.0
1.3.6.1.4.1.14519.5.2.1.6655.2359.332770943663184344578706692982,27,193.0,209.0,228.0,246.0
