sop,inst,x_min,y_min,x_max,y_max
1.3.6.1.4.1.14519.5.2.1.6655.2359.884786921371673490614241864161,30,312.0,360.0,369.0,420.0
1.3.6.1.4.1.14519.5.2.1.6655.2359.309409853086498728364053320433,31,302.0,348.0,366.0,412.0
1.3.6.1.4.1.14519.5.2.1.6655.2359.160010420156060405325921503575,32,301.0,332.0,366.0,406.0
1.3.6.1.4.1.14519.5.2.1.6655.2359.185696953718115375995220063178,33,304.0,338.0,370.0,412.0
1.3.6.1.4.1.14519.5.2.1.6655.2359.333966044685091548700390545002,34,294.0,339.0,369.0,409.0
1.3.6.1.4.1.14519.5.2.1.6655.2359.156950149158369490545853842070,35,303.0,344.0,381.0,407.0
1.3.6.1.4.1.14519.5.2.1.6655.2359.102507100953542931316928561998,36,301.0,343.0,365.0,401.0
