sop,inst,x_min,y_min,x_max,y_max
1.3.6.1.4.1.14519.5.2.1.6655.2359.286228138027974890662311926033,30,136.0,287.0,231.0,380.0
1.3.6.1.4.1.14519.5.2.1.6655.2359.222974834506425046498355979441,31,137.0,286.0,243.0,398.0
1.3.6.1.4.1.14519.5.2.1.6655.2359.285243800618459533839518309329,32,145.0,296.0,242.0,386.0
1.3.6.1.4.1.14519.5.2.1.6655.2359.776903611232555082999224908829,33,142.0,306.0,241.0,398.0
