sop,inst,x_min,y_min,x_max,y_max
1.3.6.1.4.1.14519.5.2.1.6655.2359.317646000908667918485753339973,31,141.0,287.0,232.0,385.0
1.3.6.1.4.1.14519.5.2.1.6655.2359.208553311205092046030129312073,32,142.0,289.0,242.0,400.0
1.3.6.1.4.1.14519.5.2.1.6655.2359.957564379773956124593893230949,33,134.0,289.0,236.0,388.0
