sop,inst,x_min,y_min,x_max,y_max
1.3.6.1.4.1.14519.5.2.1.6655.2359.237242466395306125451161520116,11,135.0,189.0,172.0,229.0
