sop,inst,x_min,y_min,x_max,y_max
1.3.6.1.4.1.14519.5.2.1.6655.2359.170111484500565810160751771929,5,166.0,274.0,245.0,355.0
1.3.6.1.4.1.14519.5.2.1.6655.2359.625256384844578004980853636202,6,160.0,278.0,249.0,376.0
1.3.6.1.4.1.14519.5.2.1.6655.2359.103932221722354040318846816469,7,167.0,264.0,255.0,368.0
1.3.6.1.4.1.14519.5.2.1.6655.2359.480452383189267531357679459211,8,172.0,263.0,254.0,371.0
1.3.6.1.4.1.14519.5.2.1.6655.2359.214858441370506741658602953220,9,186.0,253.0,241.0,347.0
