sop,inst,x_min,y_min,x_max,y_max
1.3.6.1.4.1.14519.5.2.1.6655.2359.190939108139386367607600723670,144,97.0,222.0,118.0,235.0
1.3.6.1.4.1.14519.5.2.1.6655.2359.103552371611118460949400095634,145,97.0,221.0,122.0,233.0
1.3.6.1.4.1.14519.5.2.1.6655.2359.121264495475713174704914486571,146,99.0,218.0,119.0,234.0
1.3.6.1.4.1.14519.5.2.1.6655.2359.106704636777534683297085811685,147,97.0,215.0,119.0,233.0
1.3.6.1.4.1.14519.5.2.1.6655.2359.385839236711152747585329772082,148,96.0,216.0,118.0,233.0
1.3.6.1.4.1.14519.5.2.1.6655.2359.178839216073039263084395545849,149,97.0,215.0,119.0,237.0
1.3.6.1.4.1.14519.5.2.1.6655.2359.251477692326003888398858476905,150,101.0,216.0,128.0,234.0
1.3.6.1.4.1.14519.5.2.1.6655.2359.462985844463454259377460864022,151,98.0,217.0,122.0,233.0
1.3.6.1.4.1.14519.5.2.1.6655.2359.166047974262928010869687163750,152,100.0,214.0,115.0,233.0
