sop,inst,x_min,y_min,x_max,y_max
1.3.6.1.4.1.14519.5.2.1.6655.2359.325919258586344727726263705687,122,151.0,332.0,168.0,357.0
1.3.6.1.4.1.14519.5.2.1.6655.2359.308065463391838192324808869635,123,148.0,333.0,171.0,357.0
1.3.6.1.4.1.14519.5.2.1.6655.2359.142738927126736526269500326261,124,148.0,330.0,173.0,360.0
1.3.6.1.4.1.14519.5.2.1.6655.2359.280932915037254707942120662877,125,149.0,328.0,173.0,358.0
1.3.6.1.4.1.14519.5.2.1.6655.2359.171880744941907044937271959063,126,148.0,327.0,169.0,353.0
1.3.6.1.4.1.14519.5.2.1.6655.2359.261232271262426056589402853298,127,150.0,329.0,169.0,353.0
1.3.6.1.4.1.14519.5.2.1.6655.2359.317656617897613668089038930876,128,148.0,329.0,170.0,354.0
1.3.6.1.4.1.14519.5.2.1.6655.2359.227578894859629480031547109813,129,150.0,329.0,171.0,353.0
1.3.6.1.4.1.14519.5.2.1.6655.2359.179416797477167014608242561716,130,151.0,332.0,170.0,354.0
