sop,inst,x_min,y_min,x_max,y_max
1.3.6.1.4.1.14519.5.2.1.6655.2359.214913047325815574234895220838,6,371.0,278.0,390.0,298.0
1.3.6.1.4.1.14519.5.2.1.6655.2359.273824595069484343737688536653,7,376.0,281.0,389.0,300.0
