sop,inst,x_min,y_min,x_max,y_max
1.3.6.1.4.1.14519.5.2.1.6655.2359.385132493390284075736395545983,42,320.0,278.0,351.0,311.0
