sop,inst,x_min,y_min,x_max,y_max
1.3.6.1.4.1.14519.5.2.1.6655.2359.117431004224865977488176379999,24,124.0,204.0,148.0,231.0
1.3.6.1.4.1.14519.5.2.1.6655.2359.134524339283300732985823752773,25,122.0,200.0,149.0,241.0
1.3.6.1.4.1.14519.5.2.1.6655.2359.153826211764628341647212686400,26,124.0,198.0,154.0,239.0
1.3.6.1.4.1.14519.5.2.1.6655.2359.413630221796249506441087095917,27,119.0,203.0,157.0,243.0
