sop,inst,x_min,y_min,x_max,y_max
1.3.6.1.4.1.14519.5.2.1.6655.2359.226496995991710892084918912515,3,306.0,145.0,346.0,235.0
1.3.6.1.4.1.14519.5.2.1.6655.2359.109881770065048558343249379581,4,304.0,155.0,357.0,235.0
1.3.6.1.4.1.14519.5.2.1.6655.2359.245468694210163177365883760415,8,315.0,171.0,351.0,233.0
