sop,inst,x_min,y_min,x_max,y_max
1.3.6.1.4.1.14519.5.2.1.6655.2359.278972939104795880537032542210,13,162.0,174.0,211.0,239.0
1.3.6.1.4.1.14519.5.2.1.6655.2359.269567476509787582351966703927,14,167.0,168.0,222.0,241.0
1.3.6.1.4.1.14519.5.2.1.6655.2359.958344519959340687993893445403,15,163.0,170.0,229.0,243.0
1.3.6.1.4.1.14519.5.2.1.6655.2359.288725588115863126063130923891,16,169.0,165.0,225.0,236.0
1.3.6.1.4.1.14519.5.2.1.6655.2359.194580479657526622168812713088,17,165.0,169.0,229.0,227.0
