sop,inst,x_min,y_min,x_max,y_max
1.3.6.1.4.1.14519.5.2.1.6655.2359.241134266156763021870913199583,14,157.0,171.0,208.0,239.0
1.3.6.1.4.1.14519.5.2.1.6655.2359.286713072718676018243809278747,15,156.0,174.0,210.0,237.0
1.3.6.1.4.1.14519.5.2.1.6655.2359.123831108778784022002073815162,16,155.0,160.0,222.0,238.0
1.3.6.1.4.1.14519.5.2.1.6655.2359.222899905792293004113393823116,17,160.0,161.0,220.0,230.0
