sop,inst,x_min,y_min,x_max,y_max
1.3.6.1.4.1.14519.5.2.1.6655.2359.763862164265759832976535441066,25,120.0,242.0,184.0,305.0
1.3.6.1.4.1.14519.5.2.1.6655.2359.871882421889215629904100239038,26,119.0,233.0,181.0,300.0
1.3.6.1.4.1.14519.5.2.1.6655.2359.287534271678537852632454938376,27,119.0,227.0,183.0,299.0
1.3.6.1.4.1.14519.5.2.1.6655.2359.322461609002104000460964136405,28,119.0,224.0,187.0,292.0
