sop,inst,x_min,y_min,x_max,y_max
1.3.6.1.4.1.14519.5.2.1.6655.2359.197388249849068973069041643319,9,325.0,252.0,416.0,360.0
1.3.6.1.4.1.14519.5.2.1.6655.2359.302093005336989854970365049192,10,328.0,209.0,410.0,343.0
1.3.6.1.4.1.14519.5.2.1.6655.2359.718660786763756052207939948382,11,334.0,189.0,419.0,343.0
1.3.6.1.4.1.14519.5.2.1.6655.2359.318501947556160450817466924110,12,347.0,254.0,428.0,331.0
1.3.6.1.4.1.14519.5.2.1.6655.2359.266860441518444276310566322144,13,337.0,257.0,428.0,307.0
1.3.6.1.4.1.14519.5.2.1.6655.2359.200491925405309815133828331414,14,353.0,228.0,428.0,308.0
