sop,inst,x_min,y_min,x_max,y_max
1.3.6.1.4.1.14519.5.2.1.6655.2359.739757741879611083023837304230,31,302.0,268.0,354.0,327.0
1.3.6.1.4.1.14519.5.2.1.6655.2359.229302408618564928681749314959,32,304.0,277.0,354.0,319.0
1.3.6.1.4.1.14519.5.2.1.6655.2359.215201198426569774986714341079,33,298.0,275.0,346.0,326.0
