sop,inst,x_min,y_min,x_max,y_max
1.3.6.1.4.1.14519.5.2.1.6655.2359.154035507436316252787698971589,24,181.0,275.0,245.0,353.0
1.3.6.1.4.1.14519.5.2.1.6655.2359.202955018900042839608060646405,25,164.0,283.0,228.0,368.0
1.3.6.1.4.1.14519.5.2.1.6655.2359.308372778581310048558765333413,26,169.0,289.0,237.0,365.0
1.3.6.1.4.1.14519.5.2.1.6655.2359.228770849573345096064729171526,27,170.0,293.0,237.0,365.0
1.3.6.1.4.1.14519.5.2.1.6655.2359.136089323832449040539082018836,28,160.0,289.0,233.0,361.0
1.3.6.1.4.1.14519.5.2.1.6655.2359.125406821102664515263251467840,29,175.0,291.0,229.0,362.0
1.3.6.1.4.1.14519.5.2.1.6655.2359.123662582884919819326265620648,30,169.0,301.0,220.0,374.0
