sop,inst,x_min,y_min,x_max,y_max
1.3.6.1.4.1.14519.5.2.1.6655.2359.458416224457269593099322345518,31,226.0,272.0,249.0,299.0
1.3.6.1.4.1.14519.5.2.1.6655.2359.748729817114170880260372597753,32,218.0,269.0,249.0,304.0
1.3.6.1.4.1.14519.5.2.1.6655.2359.504739327538980271459927846913,33,214.0,274.0,249.0,311.0
1.3.6.1.4.1.14519.5.2.1.6655.2359.304974717481807644951231312250,34,207.0,270.0,249.0,315.0
1.3.6.1.4.1.14519.5.2.1.6655.2359.276789862619326141582292219017,35,211.0,271.0,253.0,310.0
1.3.6.1.4.1.14519.5.2.1.6655.2359.291261178686302235796017415523,36,217.0,274.0,253.0,314.0
1.3.6.1.4.1.14519.5.2.1.6655.2359.167571890340583036272435373238,37,222.0,273.0,251.0,303.0
