sop,inst,x_min,y_min,x_max,y_max
1.3.6.1.4.1.14519.5.2.1.6655.2359.185294538169664549571232587848,16,132.0,316.0,175.0,352.0
1.3.6.1.4.1.14519.5.2.1.6655.2359.314265642280611844850672561921,17,133.0,295.0,184.0,353.0
1.3.6.1.4.1.14519.5.2.1.6655.2359.455511195364247581027583915206,18,133.0,284.0,190.0,360.0
1.3.6.1.4.1.14519.5.2.1.6655.2359.212574310226258516183487976454,19,130.0,307.0,183.0,353.0
1.3.6.1.4.1.14519.5.2.1.6655.2359.111044024699550436074254689192,20,125.0,325.0,174.0,351.0
