sop,inst,x_min,y_min,x_max,y_max
1.3.6.1.4.1.14519.5.2.1.6655.2359.438955933789778697025695452247,10,169.0,277.0,194.0,307.0
1.3.6.1.4.1.14519.5.2.1.6655.2359.140578244063532850712193364646,11,168.0,274.0,197.0,303.0
1.3.6.1.4.1.14519.5.2.1.6655.2359.330911659564753355443722580987,12,175.0,271.0,197.0,296.0
