sop,inst,x_min,y_min,x_max,y_max
1.3.6.1.4.1.14519.5.2.1.6655.2359.203116119227644806463434174371,13,164.0,348.0,178.0,361.0
1.3.6.1.4.1.14519.5.2.1.6655.2359.198421860600941173627259058000,21,163.0,326.0,227.0,398.0
1.3.6.1.4.1.14519.5.2.1.6655.2359.228721256514603627836824477691,22,165.0,321.0,218.0,385.0
1.3.6.1.4.1.14519.5.2.1.6655.2359.106722784649711734374698383322,23,167.0,327.0,215.0,376.0
