sop,inst,x_min,y_min,x_max,y_max
1.3.6.1.4.1.14519.5.2.1.6655.2359.666090899279692533606306129234,24,90.0,235.0,134.0,270.0
1.3.6.1.4.1.14519.5.2.1.6655.2359.270618003331648000960391123344,25,95.0,230.0,134.0,274.0
1.3.6.1.4.1.14519.5.2.1.6655.2359.287721553825787637723795884054,26,97.0,240.0,131.0,271.0
