sop,inst,x_min,y_min,x_max,y_max
1.3.6.1.4.1.14519.5.2.1.6655.2359.491683541688411960831472491701,24,92.0,233.0,133.0,269.0
1.3.6.1.4.1.14519.5.2.1.6655.2359.863560710845438621055001068622,25,89.0,231.0,129.0,277.0
1.3.6.1.4.1.14519.5.2.1.6655.2359.332726118636996758607129178071,26,89.0,229.0,129.0,275.0
