sop,inst,x_min,y_min,x_max,y_max
1.3.6.1.4.1.14519.5.2.1.6655.2359.269303561190501650340528113637,11,321.0,225.0,343.0,246.0
1.3.6.1.4.1.14519.5.2.1.6655.2359.359932872396845913858985912661,71,323.0,225.0,340.0,244.0
1.3.6.1.4.1.14519.5.2.1.6655.2359.112983713581010663221149061702,131,321.0,228.0,340.0,245.0
