sop,inst,x_min,y_min,x_max,y_max
1.3.6.1.4.1.14519.5.2.1.6655.2359.265058514097076354263882967523,11,317.0,222.0,346.0,252.0
1.3.6.1.4.1.14519.5.2.1.6655.2359.202179457319408083091671410531,12,317.0,220.0,344.0,246.0
