sop,inst,x_min,y_min,x_max,y_max
1.3.6.1.4.1.14519.5.2.1.6655.2359.343291848575126686147239629116,11,304.0,261.0,337.0,303.0
1.3.6.1.4.1.14519.5.2.1.6655.2359.153174966629815887198286812255,12,307.0,262.0,341.0,309.0
1.3.6.1.4.1.14519.5.2.1.6655.2359.126685542506270818156949267360,13,308.0,256.0,337.0,294.0
1.3.6.1.4.1.14519.5.2.1.6655.2359.527208799700885257603563099838,14,306.0,259.0,345.0,285.0
1.3.6.1.4.1.14519.5.2.1.6655.2359.287048549984909493488238407718,15,313.0,265.0,348.0,298.0
