sop,inst,x_min,y_min,x_max,y_max
1.3.6.1.4.1.14519.5.2.1.6655.2359.139807914585372322899886553463,17,168.0,292.0,192.0,331.0
1.3.6.1.4.1.14519.5.2.1.6655.2359.103468848709783827694418316744,18,164.0,294.0,208.0,330.0
1.3.6.1.4.1.14519.5.2.1.6655.2359.298394404007522415638778916975,19,167.0,277.0,198.0,342.0
1.3.6.1.4.1.14519.5.2.1.6655.2359.237173945656871079359317910588,20,166.0,295.0,195.0,331.0
