sop,inst,x_min,y_min,x_max,y_max
1.3.6.1.4.1.14519.5.2.1.6655.2359.345309747161925594537778958357,10,176.0,253.0,198.0,276.0
