sop,inst,x_min,y_min,x_max,y_max
1.3.6.1.4.1.14519.5.2.1.6655.2359.206455468539856919226234868758,9,304.0,171.0,361.0,248.0
1.3.6.1.4.1.14519.5.2.1.6655.2359.187511378699635728772109701021,10,309.0,179.0,353.0,242.0
1.3.6.1.4.1.14519.5.2.1.6655.2359.180753207418066021197432129240,11,310.0,189.0,357.0,263.0
