sop,inst,x_min,y_min,x_max,y_max
1.3.6.1.4.1.14519.5.2.1.6655.2359.277845746849686831004433311978,33,155.0,280.0,189.0,306.0
1.3.6.1.4.1.14519.5.2.1.6655.2359.909321663883166797454814201096,34,153.0,270.0,201.0,315.0
1.3.6.1.4.1.14519.5.2.1.6655.2359.320168693925610993508790546561,35,142.0,276.0,192.0,325.0
1.3.6.1.4.1.14519.5.2.1.6655.2359.268879921229380744805833568965,36,139.0,265.0,181.0,321.0
1.3.6.1.4.1.14519.5.2.1.6655.2359.224023749448122275478610527856,37,143.0,265.0,189.0,316.0
