sop,inst,x_min,y_min,x_max,y_max
1.3.6.1.4.1.14519.5.2.1.6655.2359.639040216410857651520663209825,95,359.0,275.0,382.0,303.0
1.3.6.1.4.1.14519.5.2.1.6655.2359.654335493252430547967547547616,96,359.0,277.0,383.0,304.0
1.3.6.1.4.1.14519.5.2.1.6655.2359.209791464535858238082020213872,97,356.0,273.0,380.0,303.0
1.3.6.1.4.1.14519.5.2.1.6655.2359.331867645747540340517592608888,98,360.0,273.0,382.0,303.0
1.3.6.1.4.1.14519.5.2.1.6655.2359.302255906013475967379916378941,99,358.0,273.0,385.0,300.0
1.3.6.1.4.1.14519.5.2.1.6655.2359.333706519293464675698422384501,100,362.0,278.0,389.0,300.0
1.3.6.1.4.1.14519.5.2.1.6655.2359.228408134527134301660591923760,101,363.0,282.0,385.0,296.0
1.3.6.1.4.1.14519.5.2.1.6655.2359.245878505234182196153387723685,102,363.0,281.0,383.0,301.0
