sop,inst,x_min,y_min,x_max,y_max
1.3.6.1.4.1.14519.5.2.1.6655.2359.166080036489595429052222429221,11,172.0,236.0,217.0,277.0
1.3.6.1.4.1.14519.5.2.1.6655.2359.102884518776097778871914896417,12,176.0,236.0,221.0,281.0
1.3.6.1.4.1.14519.5.2.1.6655.2359.294599441366240962548884461735,13,171.0,235.0,220.0,286.0
1.3.6.1.4.1.14519.5.2.1.6655.2359.121324027757295726947055609715,14,174.0,237.0,219.0,276.0
1.3.6.1.4.1.14519.5.2.1.6655.2359.217733073311167828607970000314,19,157.0,194.0,191.0,217.0
1.3.6.1.4.1.14519.5.2.1.6655.2359.125489524651989926638003901656,20,146.0,191.0,213.0,224.0
1.3.6.1.4.1.14519.5.2.1.6655.2359.343432886814595725319695550707,21,151.0,174.0,213.0,230.0
1.3.6.1.4.1.14519.5.2.1.6655.2359.454516514083340633641490177361,22,169.0,162.0,220.0,224.0
1.3.6.1.4.1.14519.5.2.1.6655.2359.665476785937618692933288648138,23,173.0,156.0,227.0,229.0
