sop,inst,x_min,y_min,x_max,y_max
1.3.6.1.4.1.14519.5.2.1.6655.2359.318079581292905439163790924590,49,180.0,345.0,222.0,377.0
1.3.6.1.4.1.14519.5.2.1.6655.2359.431392183367763475097520242923,50,172.0,339.0,217.0,384.0
1.3.6.1.4.1.14519.5.2.1.6655.2359.228064483641328181160018790499,51,166.0,336.0,218.0,378.0
1.3.6.1.4.1.14519.5.2.1.6655.2359.292892241549482134489645299754,52,153.0,334.0,210.0,383.0
1.3.6.1.4.1.14519.5.2.1.6655.2359.883206880354207095841129662268,53,162.0,334.0,220.0,381.0
1.3.6.1.4.1.14519.5.2.1.6655.2359.226046298931795969075695212830,54,169.0,341.0,209.0,387.0
