sop,inst,x_min,y_min,x_max,y_max
1.3.6.1.4.1.14519.5.2.1.6655.2359.392492965513525130630503059909,49,183.0,342.0,223.0,377.0
1.3.6.1.4.1.14519.5.2.1.6655.2359.109339069971595765287550608655,50,165.0,333.0,217.0,383.0
1.3.6.1.4.1.14519.5.2.1.6655.2359.707559929934140201822404097676,51,166.0,335.0,217.0,384.0
1.3.6.1.4.1.14519.5.2.1.6655.2359.156452349933391238908721274512,52,171.0,338.0,218.0,383.0
1.3.6.1.4.1.14519.5.2.1.6655.2359.116799280497312533203913461991,53,163.0,337.0,216.0,382.0
1.3.6.1.4.1.14519.5.2.1.6655.2359.178001718732889659027874850391,54,167.0,336.0,199.0,382.0
