sop,inst,x_min,y_min,x_max,y_max
1.3.6.1.4.1.14519.5.2.1.6655.2359.284906608104511916109078100872,24,128.0,241.0,160.0,265.0
1.3.6.1.4.1.14519.5.2.1.6655.2359.170613798105094958869861365960,25,134.0,228.0,172.0,268.0
1.3.6.1.4.1.14519.5.2.1.6655.2359.172627728015494348313042798946,26,122.0,223.0,170.0,270.0
1.3.6.1.4.1.14519.5.2.1.6655.2359.157715790420870395810625246595,27,121.0,224.0,177.0,269.0
1.3.6.1.4.1.14519.5.2.1.6655.2359.338861197841219948080431214245,30,117.0,229.0,160.0,263.0
