sop,inst,x_min,y_min,x_max,y_max
1.3.6.1.4.1.14519.5.2.1.6655.2359.567101924576499001927322787922,24,135.0,239.0,162.0,256.0
1.3.6.1.4.1.14519.5.2.1.6655.2359.277531480074846935536883728802,25,128.0,219.0,166.0,265.0
1.3.6.1.4.1.14519.5.2.1.6655.2359.263091799992721507666794892529,26,122.0,215.0,169.0,271.0
1.3.6.1.4.1.14519.5.2.1.6655.2359.351469867997130336670623194417,27,113.0,219.0,172.0,268.0
1.3.6.1.4.1.14519.5.2.1.6655.2359.498913234319077237208158972168,28,117.0,221.0,172.0,270.0
1.3.6.1.4.1.14519.5.2.1.6655.2359.176745255911520716712465137945,29,112.0,225.0,158.0,266.0
