sop,inst,x_min,y_min,x_max,y_max
1.3.6.1.4.1.14519.5.2.1.6655.2359.951784714675228785238715515355,49,121.0,395.0,151.0,418.0
1.3.6.1.4.1.14519.5.2.1.6655.2359.206510188023124517242253230587,50,116.0,389.0,157.0,420.0
1.3.6.1.4.1.14519.5.2.1.6655.2359.305277332000906532093133020713,51,121.0,384.0,151.0,422.0
1.3.6.1.4.1.14519.5.2.1.6655.2359.997862177385056259513075865752,52,115.0,382.0,148.0,421.0
1.3.6.1.4.1.14519.5.2.1.6655.2359.121766549970203822323624589610,53,117.0,385.0,148.0,419.0
