sop,inst,x_min,y_min,x_max,y_max
1.3.6.1.4.1.14519.5.2.1.6655.2359.952165668780930388216091557413,17,201.0,233.0,238.0,296.0
1.3.6.1.4.1.14519.5.2.1.6655.2359.277019248937416448384494994618,18,198.0,243.0,244.0,309.0
1.3.6.1.4.1.14519.5.2.1.6655.2359.309819468216425383702479687326,19,193.0,228.0,234.0,307.0
1.3.6.1.4.1.14519.5.2.1.6655.2359.156784416010376660478704467880,20,197.0,227.0,230.0,300.0
