sop,inst,x_min,y_min,x_max,y_max
1.3.6.1.4.1.14519.5.2.1.6655.2359.186458162369472448898632111473,12,313.0,198.0,365.0,270.0
1.3.6.1.4.1.14519.5.2.1.6655.2359.284004419744320014087050533754,13,304.0,198.0,372.0,271.0
1.3.6.1.4.1.14519.5.2.1.6655.2359.180994694680174178917552728350,14,310.0,192.0,375.0,264.0
1.3.6.1.4.1.14519.5.2.1.6655.2359.237564990269353915508905778395,15,322.0,180.0,368.0,268.0
1.3.6.1.4.1.14519.5.2.1.6655.2359.182511904779260601582099245578,16,320.0,193.0,372.0,280.0
1.3.6.1.4.1.14519.5.2.1.6655.2359.594077930853145780332201482912,17,326.0,190.0,367.0,276.0
