sop,inst,x_min,y_min,x_max,y_max
1.3.6.1.4.1.14519.5.2.1.6655.2359.158826744598895116921568030058,18,324.0,170.0,362.0,238.0
1.3.6.1.4.1.14519.5.2.1.6655.2359.220699334028986275112203670962,19,315.0,160.0,373.0,242.0
1.3.6.1.4.1.14519.5.2.1.6655.2359.281818903457484488088820125548,20,298.0,146.0,378.0,240.0
1.3.6.1.4.1.14519.5.2.1.6655.2359.168698796277509505173291528287,21,313.0,160.0,392.0,242.0
1.3.6.1.4.1.14519.5.2.1.6655.2359.996006266739171000367199270921,22,325.0,171.0,378.0,242.0
1.3.6.1.4.1.14519.5.2.1.6655.2359.179873218428422946994591564339,23,324.0,177.0,369.0,248.0
1.3.6.1.4.1.14519.5.2.1.6655.2359.298269732425266333977905113417,24,325.0,187.0,366.0,248.0
