sop,inst,x_min,y_min,x_max,y_max
1.3.6.1.4.1.14519.5.2.1.6655.2359.258425405008600587502137637093,3,295.0,150.0,342.0,230.0
1.3.6.1.4.1.14519.5.2.1.6655.2359.206985656049370368787397927899,4,290.0,151.0,357.0,233.0
1.3.6.1.4.1.14519.5.2.1.6655.2359.834667575904586950387391356810,5,281.0,137.0,355.0,231.0
1.3.6.1.4.1.14519.5.2.1.6655.2359.337329871328392619204748342485,6,279.0,135.0,356.0,238.0
1.3.6.1.4.1.14519.5.2.1.6655.2359.869644624628610110063852742554,7,304.0,159.0,344.0,248.0
1.3.6.1.4.1.14519.5.2.1.6655.2359.240201146652000546033094739873,8,310.0,171.0,344.0,238.0
