sop,inst,x_min,y_min,x_max,y_max
1.3.6.1.4.1.14519.5.2.1.6655.2359.330883043983773026339420164037,18,324.0,172.0,358.0,230.0
1.3.6.1.4.1.14519.5.2.1.6655.2359.177642542061452540990936264849,19,313.0,159.0,366.0,248.0
1.3.6.1.4.1.14519.5.2.1.6655.2359.500799625805389298470343398270,20,298.0,148.0,371.0,244.0
1.3.6.1.4.1.14519.5.2.1.6655.2359.142305121525054290421887085083,21,308.0,156.0,381.0,245.0
1.3.6.1.4.1.14519.5.2.1.6655.2359.245909319087880680315480629468,22,316.0,167.0,370.0,253.0
1.3.6.1.4.1.14519.5.2.1.6655.2359.155940689556033479057783346703,23,323.0,177.0,364.0,247.0
1.3.6.1.4.1.14519.5.2.1.6655.2359.106317952797691493026734537437,24,327.0,189.0,363.0,248.0
