sop,inst,x_min,y_min,x_max,y_max
1.3.6.1.4.1.14519.5.2.1.6655.2359.316609075413567552797962945575,3,293.0,149.0,346.0,233.0
1.3.6.1.4.1.14519.5.2.1.6655.2359.209754259865029907349541725888,4,292.0,145.0,357.0,227.0
1.3.6.1.4.1.14519.5.2.1.6655.2359.311760725082514856589028970288,5,275.0,139.0,370.0,230.0
1.3.6.1.4.1.14519.5.2.1.6655.2359.340686686456064862927703789066,6,281.0,135.0,355.0,230.0
1.3.6.1.4.1.14519.5.2.1.6655.2359.221191062530684524121270266768,7,300.0,155.0,349.0,236.0
1.3.6.1.4.1.14519.5.2.1.6655.2359.173168803757268184075258914416,8,309.0,173.0,343.0,245.0
