sop,inst,x_min,y_min,x_max,y_max
1.3.6.1.4.1.14519.5.2.1.6655.2359.159557242175957919327774540019,17,134.0,195.0,172.0,233.0
1.3.6.1.4.1.14519.5.2.1.6655.2359.307205250315380001941702827575,18,122.0,185.0,166.0,234.0
1.3.6.1.4.1.14519.5.2.1.6655.2359.312745299163755395296392220885,19,139.0,195.0,164.0,231.0
