sop,inst,x_min,y_min,x_max,y_max
1.3.6.1.4.1.14519.5.2.1.6655.2359.213309164006081790698712507454,17,131.0,199.0,169.0,233.0
1.3.6.1.4.1.14519.5.2.1.6655.2359.254728663751994371011523277927,18,131.0,195.0,165.0,235.0
1.3.6.1.4.1.14519.5.2.1.6655.2359.134236416929801275206374511812,19,128.0,192.0,163.0,238.0
