sop,inst,x_min,y_min,x_max,y_max
1.3.6.1.4.1.14519.5.2.1.6655.2359.256218572971154209246853442255,43,326.0,274.0,337.0,297.0
1.3.6.1.4.1.14519.5.2.1.6655.2359.283363788962104199918470266680,44,325.0,270.0,338.0,297.0
1.3.6.1.4.1.14519.5.2.1.6655.2359.286700666075450295039746198469,45,325.0,268.0,342.0,295.0
1.3.6.1.4.1.14519.5.2.1.6655.2359.272562952021366332719051012348,46,326.0,270.0,342.0,288.0
