sop,inst,x_min,y_min,x_max,y_max
1.3.6.1.4.1.14519.5.2.1.6655.2359.404373288103306949166503474943,20,325.0,343.0,375.0,404.0
1.3.6.1.4.1.14519.5.2.1.6655.2359.122847209495774041585703234742,21,325.0,342.0,379.0,405.0
1.3.6.1.4.1.14519.5.2.1.6655.2359.176689479429521218707132576881,22,323.0,327.0,379.0,398.0
1.3.6.1.4.1.14519.5.2.1.6655.2359.160892098121008123636470017586,23,323.0,331.0,387.0,400.0
1.3.6.1.4.1.14519.5.2.1.6655.2359.705166549213503899695373287439,24,327.0,336.0,392.0,397.0
