sop,inst,x_min,y_min,x_max,y_max
1.3.6.1.4.1.14519.5.2.1.6655.2359.179510540360848251227481357243,10,380.0,268.0,411.0,301.0
1.3.6.1.4.1.14519.5.2.1.6655.2359.298586960578089134076192377865,11,380.0,268.0,419.0,304.0
1.3.6.1.4.1.14519.5.2.1.6655.2359.273395438095806899417081009617,12,383.0,265.0,410.0,291.0
