sop,inst,x_min,y_min,x_max,y_max
1.3.6.1.4.1.14519.5.2.1.6655.2359.293744809095189430218385037415,4,304.0,295.0,339.0,334.0
1.3.6.1.4.1.14519.5.2.1.6655.2359.320965491700803580705745346970,5,306.0,290.0,340.0,327.0
