sop,inst,x_min,y_min,x_max,y_max
1.3.6.1.4.1.14519.5.2.1.6655.2359.316944018536915379664522063650,38,365.0,260.0,407.0,301.0
1.3.6.1.4.1.14519.5.2.1.6655.2359.291715430750765399245308969270,39,357.0,258.0,414.0,306.0
1.3.6.1.4.1.14519.5.2.1.6655.2359.251562585081807021150048595628,40,344.0,256.0,416.0,319.0
1.3.6.1.4.1.14519.5.2.1.6655.2359.221410373169856896115463795075,41,339.0,250.0,412.0,321.0
1.3.6.1.4.1.14519.5.2.1.6655.2359.132277821087108594145569409057,42,337.0,250.0,413.0,317.0
1.3.6.1.4.1.14519.5.2.1.6655.2359.120799135210769478203862092870,43,344.0,256.0,406.0,315.0
1.3.6.1.4.1.14519.5.2.1.6655.2359.131924450404687749368639534273,44,366.0,270.0,411.0,312.0
1.3.6.1.4.1.14519.5.2.1.6655.2359.106140873701474375316675500441,45,377.0,277.0,419.0,318.0
