sop,inst,x_min,y_min,x_max,y_max
1.3.6.1.4.1.14519.5.2.1.6655.2359.324382584526898033816390526179,9,303.0,290.0,366.0,352.0
1.3.6.1.4.1.14519.5.2.1.6655.2359.399978484563875598262196801656,10,289.0,295.0,369.0,351.0
1.3.6.1.4.1.14519.5.2.1.6655.2359.315379549135161129675549123944,11,310.0,292.0,361.0,350.0
1.3.6.1.4.1.14519.5.2.1.6655.2359.319975772432671578609646422767,12,316.0,286.0,360.0,349.0
