sop,inst,x_min,y_min,x_max,y_max
1.3.6.1.4.1.14519.5.2.1.6655.2359.144533888524979982533384334387,44,348.0,238.0,384.0,268.0
1.3.6.1.4.1.14519.5.2.1.6655.2359.296504210124411331814107077130,45,343.0,233.0,387.0,278.0
1.3.6.1.4.1.14519.5.2.1.6655.2359.334329148047147908744914010239,46,339.0,229.0,388.0,284.0
1.3.6.1.4.1.14519.5.2.1.6655.2359.215133619773134431053685048250,47,336.0,228.0,391.0,286.0
1.3.6.1.4.1.14519.5.2.1.6655.2359.917451245329662679458007120815,48,335.0,229.0,395.0,292.0
1.3.6.1.4.1.14519.5.2.1.6655.2359.520189991832574638033944771626,49,337.0,232.0,394.0,289.0
1.3.6.1.4.1.14519.5.2.1.6655.2359.218106260174613694827815800055,50,320.0,232.0,392.0,299.0
