sop,inst,x_min,y_min,x_max,y_max
1.3.6.1.4.1.14519.5.2.1.6655.2359.297361199203848774801816442904,12,315.0,191.0,366.0,273.0
1.3.6.1.4.1.14519.5.2.1.6655.2359.617442376310274866841527952949,13,307.0,186.0,372.0,268.0
1.3.6.1.4.1.14519.5.2.1.6655.2359.144225560390167329090852346836,14,315.0,186.0,382.0,271.0
1.3.6.1.4.1.14519.5.2.1.6655.2359.208703108673459481972118176562,15,309.0,175.0,388.0,281.0
1.3.6.1.4.1.14519.5.2.1.6655.2359.248591557869173878226626695205,16,319.0,177.0,391.0,301.0
1.3.6.1.4.1.14519.5.2.1.6655.2359.574461010479185948651962132508,17,321.0,170.0,398.0,298.0
1.3.6.1.4.1.14519.5.2.1.6655.2359.241374664490847328712624517232,18,310.0,165.0,389.0,289.0
1.3.6.1.4.1.14519.5.2.1.6655.2359.446136241142417089609350594667,19,317.0,183.0,399.0,301.0
