sop,inst,x_min,y_min,x_max,y_max
1.3.6.1.4.1.14519.5.2.1.6655.2359.628269213818344067971396790551,33,164.0,336.0,199.0,367.0
1.3.6.1.4.1.14519.5.2.1.6655.2359.809826796569484331776781148362,34,172.0,331.0,205.0,363.0
1.3.6.1.4.1.14519.5.2.1.6655.2359.195497091519378646831307917639,35,173.0,332.0,205.0,364.0
1.3.6.1.4.1.14519.5.2.1.6655.2359.259957372201344652317192379942,36,171.0,332.0,207.0,363.0
1.3.6.1.4.1.14519.5.2.1.6655.2359.238706998832363169903675251888,37,172.0,333.0,201.0,364.0
