sop,inst,x_min,y_min,x_max,y_max
1.3.6.1.4.1.14519.5.2.1.6655.2359.817757526988581011199966824454,47,284.0,248.0,307.0,274.0
1.3.6.1.4.1.14519.5.2.1.6655.2359.132769121002405702770271948771,48,279.0,241.0,319.0,273.0
1.3.6.1.4.1.14519.5.2.1.6655.2359.490452931158667734894214026302,49,284.0,238.0,312.0,277.0
1.3.6.1.4.1.14519.5.2.1.6655.2359.319989166024135743888739563329,50,281.0,231.0,313.0,281.0
1.3.6.1.4.1.14519.5.2.1.6655.2359.233519879055928026255251060835,51,274.0,228.0,316.0,287.0
1.3.6.1.4.1.14519.5.2.1.6655.2359.308482648167525520321700769232,52,281.0,229.0,316.0,280.0
1.3.6.1.4.1.14519.5.2.1.6655.2359.967324056273190477856671618470,53,282.0,232.0,315.0,277.0
1.3.6.1.4.1.14519.5.2.1.6655.2359.281856413497307373045091516728,54,287.0,236.0,314.0,282.0
1.3.6.1.4.1.14519.5.2.1.6655.2359.481725963538744715396480607298,55,291.0,244.0,314.0,286.0
