sop,inst,x_min,y_min,x_max,y_max
1.3.6.1.4.1.14519.5.2.1.6655.2359.965303713757281560527896368968,21,161.0,300.0,217.0,358.0
1.3.6.1.4.1.14519.5.2.1.6655.2359.111444949018258768870961488120,22,165.0,294.0,219.0,361.0
1.3.6.1.4.1.14519.5.2.1.6655.2359.695119065539488988603770113355,23,164.0,290.0,225.0,367.0
1.3.6.1.4.1.14519.5.2.1.6655.2359.135143068731812964846790947962,24,154.0,279.0,231.0,364.0
1.3.6.1.4.1.14519.5.2.1.6655.2359.261228262176948523335413783665,25,157.0,277.0,223.0,363.0
1.3.6.1.4.1.14519.5.2.1.6655.2359.169608425035899672370589886981,26,149.0,275.0,222.0,362.0
1.3.6.1.4.1.14519.5.2.1.6655.2359.123458971818409886966493716679,27,160.0,280.0,232.0,369.0
1.3.6.1.4.1.14519.5.2.1.6655.2359.231787078707502231390385714188,28,162.0,286.0,231.0,359.0
1.3.6.1.4.1.14519.5.2.1.6655.2359.276860948766877763598975809838,29,160.0,287.0,222.0,353.0
