sop,inst,x_min,y_min,x_max,y_max
1.3.6.1.4.1.14519.5.2.1.6655.2359.477627936391439022512137863746,35,144.0,252.0,198.0,306.0
1.3.6.1.4.1.14519.5.2.1.6655.2359.268657857254691666118027739872,36,155.0,260.0,196.0,307.0
1.3.6.1.4.1.14519.5.2.1.6655.2359.253018075785891097027853469560,37,157.0,263.0,199.0,315.0
1.3.6.1.4.1.14519.5.2.1.6655.2359.304838117020310469627765988885,38,160.0,268.0,188.0,317.0
