sop,inst,x_min,y_min,x_max,y_max
1.3.6.1.4.1.14519.5.2.1.6655.2359.253806373336043020086533838182,17,161.0,258.0,186.0,309.0
1.3.6.1.4.1.14519.5.2.1.6655.2359.115542450614829525625504499813,18,147.0,249.0,207.0,317.0
1.3.6.1.4.1.14519.5.2.1.6655.2359.322796365461204188763016175437,19,153.0,268.0,195.0,312.0
