sop,inst,x_min,y_min,x_max,y_max
1.3.6.1.4.1.14519.5.2.1.6655.2359.623425912443531829007616520639,16,174.0,192.0,225.0,257.0
1.3.6.1.4.1.14519.5.2.1.6655.2359.802656392646202754421529063508,17,187.0,127.0,266.0,255.0
1.3.6.1.4.1.14519.5.2.1.6655.2359.258823009611161471439679392411,18,172.0,112.0,264.0,279.0
1.3.6.1.4.1.14519.5.2.1.6655.2359.123776934893977535889181708441,19,147.0,106.0,276.0,305.0
