sop,inst,x_min,y_min,x_max,y_max
1.3.6.1.4.1.14519.5.2.1.6655.2359.326727915870382745555762334411,9,111.0,374.0,138.0,392.0
1.3.6.1.4.1.14519.5.2.1.6655.2359.290621520014375392092771300767,10,103.0,369.0,150.0,409.0
1.3.6.1.4.1.14519.5.2.1.6655.2359.341748592538492005110848897072,11,92.0,353.0,166.0,412.0
1.3.6.1.4.1.14519.5.2.1.6655.2359.108693414052615403332432625562,12,94.0,327.0,180.0,426.0
1.3.6.1.4.1.14519.5.2.1.6655.2359.252859109949846579754063569702,13,93.0,345.0,183.0,418.0
