sop,inst,x_min,y_min,x_max,y_max
1.3.6.1.4.1.14519.5.2.1.6655.2359.311118938126060898133803059306,10,105.0,371.0,140.0,403.0
1.3.6.1.4.1.14519.5.2.1.6655.2359.323502784198967910489606362297,11,95.0,359.0,168.0,403.0
1.3.6.1.4.1.14519.5.2.1.6655.2359.272401537879904076182973338882,12,97.0,338.0,174.0,420.0
1.3.6.1.4.1.14519.5.2.1.6655.2359.134203532109248695362139266175,13,110.0,357.0,181.0,430.0
