sop,inst,x_min,y_min,x_max,y_max
1.3.6.1.4.1.14519.5.2.1.6655.2359.709832323468148418500168089418,92,348.0,294.0,365.0,314.0
1.3.6.1.4.1.14519.5.2.1.6655.2359.259297633759900045553940407207,93,348.0,295.0,365.0,314.0
1.3.6.1.4.1.14519.5.2.1.6655.2359.342406665668458432227786873794,94,344.0,289.0,365.0,315.0
1.3.6.1.4.1.14519.5.2.1.6655.2359.495702934090518882476370088905,95,346.0,295.0,363.0,313.0
1.3.6.1.4.1.14519.5.2.1.6655.2359.279670783206481490126265982362,96,348.0,295.0,365.0,314.0
1.3.6.1.4.1.14519.5.2.1.6655.2359.177255036738510614651486632522,97,349.0,296.0,369.0,312.0
