sop,inst,x_min,y_min,x_max,y_max
1.3.6.1.4.1.14519.5.2.1.6655.2359.239510617729491292858406736076,38,204.0,122.0,231.0,160.0
1.3.6.1.4.1.14519.5.2.1.6655.2359.304977613548185523248526717823,39,180.0,121.0,235.0,161.0
1.3.6.1.4.1.14519.5.2.1.6655.2359.326749320144238632832397607055,40,183.0,124.0,240.0,173.0
1.3.6.1.4.1.14519.5.2.1.6655.2359.264432305151016908122040731179,41,181.0,117.0,245.0,165.0
1.3.6.1.4.1.14519.5.2.1.6655.2359.337780764942945630524650969279,42,178.0,114.0,246.0,162.0
1.3.6.1.4.1.14519.5.2.1.6655.2359.104231714858932550996163211444,43,187.0,114.0,244.0,160.0
1.3.6.1.4.1.14519.5.2.1.6655.2359.186763388324975182722023671402,44,192.0,109.0,258.0,157.0
