sop,inst,x_min,y_min,x_max,y_max
1.3.6.1.4.1.14519.5.2.1.6655.2359.218542020803272286058319438391,10,141.0,282.0,166.0,321.0
1.3.6.1.4.1.14519.5.2.1.6655.2359.260671738179622232730281387623,11,137.0,275.0,164.0,318.0
1.3.6.1.4.1.14519.5.2.1.6655.2359.502147605389345170147373761042,12,134.0,275.0,170.0,321.0
1.3.6.1.4.1.14519.5.2.1.6655.2359.159695579347825295708397856322,13,142.0,276.0,164.0,310.0
