sop,inst,x_min,y_min,x_max,y_max
1.3.6.1.4.1.14519.5.2.1.6655.2359.702859516049322409510523091525,12,131.0,309.0,187.0,353.0
1.3.6.1.4.1.14519.5.2.1.6655.2359.462945640031718562930187372398,13,131.0,286.0,187.0,363.0
1.3.6.1.4.1.14519.5.2.1.6655.2359.987534591079075200393569433503,14,126.0,306.0,187.0,355.0
