sop,inst,x_min,y_min,x_max,y_max
1.3.6.1.4.1.14519.5.2.1.6655.2359.136804415047700320471952799219,32,352.0,258.0,395.0,307.0
1.3.6.1.4.1.14519.5.2.1.6655.2359.259536036273667732019778226948,33,343.0,259.0,389.0,301.0
1.3.6.1.4.1.14519.5.2.1.6655.2359.146312115159562604096095410765,34,331.0,248.0,395.0,305.0
1.3.6.1.4.1.14519.5.2.1.6655.2359.237543563028648699163091995366,35,332.0,248.0,400.0,307.0
1.3.6.1.4.1.14519.5.2.1.6655.2359.659837365464473302479414618148,36,332.0,242.0,391.0,299.0
1.3.6.1.4.1.14519.5.2.1.6655.2359.236998148468995217175488194575,37,348.0,239.0,388.0,285.0
