sop,inst,x_min,y_min,x_max,y_max
1.3.6.1.4.1.14519.5.2.1.6655.2359.210979415583031386907506180827,5,369.0,211.0,413.0,262.0
