sop,inst,x_min,y_min,x_max,y_max
1.3.6.1.4.1.14519.5.2.1.6655.2359.586598803006562559875393532162,5,369.0,203.0,406.0,246.0
1.3.6.1.4.1.14519.5.2.1.6655.2359.240891008171276742392919369058,6,362.0,196.0,414.0,262.0
1.3.6.1.4.1.14519.5.2.1.6655.2359.143660731134234554991872203961,7,367.0,197.0,407.0,245.0
1.3.6.1.4.1.14519.5.2.1.6655.2359.811452653834347441982332458123,8,360.0,190.0,408.0,245.0
1.3.6.1.4.1.14519.5.2.1.6655.2359.705270761298699753043081992667,9,366.0,192.0,405.0,246.0
