sop,inst,x_min,y_min,x_max,y_max
1.3.6.1.4.1.14519.5.2.1.6655.2359.181752634293001398903527573347,11,226.0,294.0,249.0,312.0
1.3.6.1.4.1.14519.5.2.1.6655.2359.842386980525176589509581359908,12,224.0,295.0,251.0,318.0
1.3.6.1.4.1.14519.5.2.1.6655.2359.204101438210125717249665145107,13,223.0,298.0,252.0,323.0
1.3.6.1.4.1.14519.5.2.1.6655.2359.146960984069083965904028443614,14,228.0,292.0,258.0,319.0
