sop,inst,x_min,y_min,x_max,y_max
1.3.6.1.4.1.14519.5.2.1.6655.2359.179861485887599069858341716328,7,310.0,199.0,345.0,231.0
1.3.6.1.4.1.14519.5.2.1.6655.2359.113689631369951441644504006680,8,304.0,198.0,339.0,228.0
1.3.6.1.4.1.14519.5.2.1.6655.2359.156019908710117021094639462909,9,309.0,198.0,337.0,224.0
1.3.6.1.4.1.14519.5.2.1.6655.2359.267117999316569296008816249828,10,298.0,184.0,337.0,216.0
