sop,inst,x_min,y_min,x_max,y_max
1.3.6.1.4.1.14519.5.2.1.6655.2359.760899818640250368127876482689,7,313.0,201.0,337.0,227.0
1.3.6.1.4.1.14519.5.2.1.6655.2359.269766498660350932112669856699,8,308.0,197.0,337.0,227.0
