sop,inst,x_min,y_min,x_max,y_max
1.3.6.1.4.1.14519.5.2.1.6655.2359.286768577107326463302953043927,24,283.0,329.0,328.0,379.0
1.3.6.1.4.1.14519.5.2.1.6655.2359.326494117733442358308677632551,25,274.0,319.0,338.0,379.0
1.3.6.1.4.1.14519.5.2.1.6655.2359.432620377529979196774683480536,26,266.0,319.0,335.0,377.0
1.3.6.1.4.1.14519.5.2.1.6655.2359.318989286128704307878473180195,27,263.0,319.0,343.0,380.0
1.3.6.1.4.1.14519.5.2.1.6655.2359.148934714982048222825866223039,28,262.0,308.0,337.0,381.0
1.3.6.1.4.1.14519.5.2.1.6655.2359.305121474299509204566565487231,29,269.0,313.0,335.0,384.0
1.3.6.1.4.1.14519.5.2.1.6655.2359.206392254385134652594290812512,30,271.0,322.0,317.0,381.0
1.3.6.1.4.1.14519.5.2.1.6655.2359.970226192902220181755867402332,31,274.0,330.0,309.0,375.0
