sop,inst,x_min,y_min,x_max,y_max
1.3.6.1.4.1.14519.5.2.1.6655.2359.545928173288786019819581627463,24,291.0,341.0,322.0,375.0
1.3.6.1.4.1.14519.5.2.1.6655.2359.273029085635917283240318782978,25,281.0,327.0,334.0,376.0
1.3.6.1.4.1.14519.5.2.1.6655.2359.189425568192096092620416511602,26,267.0,322.0,337.0,375.0
1.3.6.1.4.1.14519.5.2.1.6655.2359.214901836803449289283049988473,27,271.0,325.0,343.0,383.0
1.3.6.1.4.1.14519.5.2.1.6655.2359.293009679670169840366446083160,28,266.0,309.0,336.0,382.0
1.3.6.1.4.1.14519.5.2.1.6655.2359.176576275005338996810942549217,29,261.0,309.0,326.0,378.0
1.3.6.1.4.1.14519.5.2.1.6655.2359.290648499738530698033418404484,30,270.0,320.0,323.0,380.0
1.3.6.1.4.1.14519.5.2.1.6655.2359.967718983015439362481221870113,31,279.0,328.0,310.0,377.0
