sop,inst,x_min,y_min,x_max,y_max
1.3.6.1.4.1.14519.5.2.1.6655.2359.295449198055621167476833908749,3,157.0,286.0,184.0,322.0
1.3.6.1.4.1.14519.5.2.1.6655.2359.328777635666778814063643545522,4,139.0,268.0,190.0,324.0
1.3.6.1.4.1.14519.5.2.1.6655.2359.115952777664178061952559238902,5,132.0,269.0,190.0,320.0
1.3.6.1.4.1.14519.5.2.1.6655.2359.137748647943918948005520334767,6,121.0,265.0,190.0,324.0
1.3.6.1.4.1.14519.5.2.1.6655.2359.218492105218890812882485054643,7,122.0,259.0,191.0,318.0
1.3.6.1.4.1.14519.5.2.1.6655.2359.428487225834803311738692315314,8,115.0,264.0,203.0,327.0
1.3.6.1.4.1.14519.5.2.1.6655.2359.478670468313749502816218759883,9,117.0,268.0,204.0,315.0
1.3.6.1.4.1.14519.5.2.1.6655.2359.294247366088291515042455696340,10,129.0,262.0,194.0,317.0
