sop,inst,x_min,y_min,x_max,y_max
1.3.6.1.4.1.14519.5.2.1.6655.2359.544625166155274906569038693807,33,169.0,328.0,213.0,389.0
1.3.6.1.4.1.14519.5.2.1.6655.2359.314697376114944659389723608628,34,154.0,332.0,209.0,400.0
1.3.6.1.4.1.14519.5.2.1.6655.2359.296196127874183435810766204199,35,163.0,330.0,211.0,406.0
1.3.6.1.4.1.14519.5.2.1.6655.2359.126148998872089686970982658477,36,156.0,318.0,213.0,418.0
1.3.6.1.4.1.14519.5.2.1.6655.2359.479608489370382359346530306500,37,160.0,327.0,219.0,401.0
1.3.6.1.4.1.14519.5.2.1.6655.2359.550210614696368778839566146836,38,164.0,320.0,212.0,400.0
1.3.6.1.4.1.14519.5.2.1.6655.2359.148210982925570060615254084579,39,167.0,323.0,209.0,409.0
1.3.6.1.4.1.14519.5.2.1.6655.2359.270453706822399090127147846237,40,178.0,330.0,215.0,401.0
