sop,inst,x_min,y_min,x_max,y_max
1.3.6.1.4.1.14519.5.2.1.6655.2359.242587199709063122053118989989,17,162.0,338.0,213.0,395.0
1.3.6.1.4.1.14519.5.2.1.6655.2359.212068553731605401998512825109,18,156.0,333.0,211.0,403.0
1.3.6.1.4.1.14519.5.2.1.6655.2359.394298953685283070534563589445,19,174.0,326.0,208.0,406.0
