sop,inst,x_min,y_min,x_max,y_max
1.3.6.1.4.1.14519.5.2.1.6655.2359.693851055809540205753311268850,25,160.0,327.0,222.0,378.0
1.3.6.1.4.1.14519.5.2.1.6655.2359.529378171506604136226502521270,26,153.0,318.0,213.0,389.0
1.3.6.1.4.1.14519.5.2.1.6655.2359.178495327242252268258958192323,27,151.0,322.0,217.0,386.0
1.3.6.1.4.1.14519.5.2.1.6655.2359.338514571119092153150530503850,28,154.0,321.0,214.0,386.0
1.3.6.1.4.1.14519.5.2.1.6655.2359.273121844556473297717252693223,29,145.0,312.0,223.0,389.0
1.3.6.1.4.1.14519.5.2.1.6655.2359.152426444200537173471700956412,30,151.0,318.0,216.0,392.0
1.3.6.1.4.1.14519.5.2.1.6655.2359.269094107119379254142363481635,31,152.0,321.0,220.0,386.0
1.3.6.1.4.1.14519.5.2.1.6655.2359.117325043465038932380932783242,32,171.0,328.0,217.0,392.0
1.3.6.1.4.1.14519.5.2.1.6655.2359.942274322848230316579465219130,33,170.0,332.0,220.0,391.0
