sop,inst,x_min,y_min,x_max,y_max
1.3.6.1.4.1.14519.5.2.1.6655.2359.126366973149076743162282253350,39,398.0,306.0,419.0,338.0
1.3.6.1.4.1.14519.5.2.1.6655.2359.199673015612535696827733144068,40,385.0,309.0,428.0,348.0
1.3.6.1.4.1.14519.5.2.1.6655.2359.306482160978523130576575277310,41,390.0,306.0,428.0,350.0
1.3.6.1.4.1.14519.5.2.1.6655.2359.335305538273655375769987109006,42,395.0,306.0,427.0,345.0
