sop,inst,x_min,y_min,x_max,y_max
1.3.6.1.4.1.14519.5.2.1.6655.2359.760960377210237980814339803019,34,169.0,209.0,199.0,242.0
1.3.6.1.4.1.14519.5.2.1.6655.2359.272223264488790877166331711953,35,172.0,205.0,201.0,245.0
1.3.6.1.4.1.14519.5.2.1.6655.2359.135809754920032656454052134595,36,171.0,203.0,198.0,242.0
