sop,inst,x_min,y_min,x_max,y_max
1.3.6.1.4.1.14519.5.2.1.6655.2359.270611592051283427454349783053,34,172.0,208.0,195.0,243.0
1.3.6.1.4.1.14519.5.2.1.6655.2359.677114064651845503997304204863,35,172.0,203.0,201.0,245.0
1.3.6.1.4.1.14519.5.2.1.6655.2359.230544089212092952968116826794,36,172.0,208.0,198.0,239.0
