sop,inst,x_min,y_min,x_max,y_max
1.3.6.1.4.1.14519.5.2.1.6655.2359.338161585984765524770808197287,21,313.0,196.0,366.0,291.0
1.3.6.1.4.1.14519.5.2.1.6655.2359.144757223696959677641911987627,22,301.0,192.0,360.0,289.0
1.3.6.1.4.1.14519.5.2.1.6655.2359.159897633944245535032381607566,23,300.0,189.0,363.0,288.0
1.3.6.1.4.1.14519.5.2.1.6655.2359.188750679030909436913392987437,24,293.0,210.0,362.0,300.0
1.3.6.1.4.1.14519.5.2.1.6655.2359.179598022547269059161364454616,25,292.0,208.0,353.0,284.0
1.3.6.1.4.1.14519.5.2.1.6655.2359.282310388664497780882488961165,26,289.0,213.0,353.0,286.0
1.3.6.1.4.1.14519.5.2.1.6655.2359.249098483690415165436201526530,27,291.0,209.0,336.0,278.0
