sop,inst,x_min,y_min,x_max,y_max
1.3.6.1.4.1.14519.5.2.1.6655.2359.462112590438446506567378409635,21,304.0,194.0,363.0,289.0
1.3.6.1.4.1.14519.5.2.1.6655.2359.292316040029894751267568186188,22,302.0,196.0,353.0,301.0
1.3.6.1.4.1.14519.5.2.1.6655.2359.117403132436137056198345172445,23,298.0,199.0,363.0,306.0
1.3.6.1.4.1.14519.5.2.1.6655.2359.289517284780539879560883457583,24,293.0,205.0,359.0,300.0
1.3.6.1.4.1.14519.5.2.1.6655.2359.107651094602406008220532547054,25,287.0,203.0,367.0,284.0
1.3.6.1.4.1.14519.5.2.1.6655.2359.300173848572665458529331885564,26,289.0,212.0,354.0,287.0
1.3.6.1.4.1.14519.5.2.1.6655.2359.950202073806950023222156957862,27,290.0,210.0,342.0,285.0
