sop,inst,x_min,y_min,x_max,y_max
1.3.6.1.4.1.14519.5.2.1.6655.2359.176419486570891172139857497872,13,177.0,341.0,198.0,356.0
