sop,inst,x_min,y_min,x_max,y_max
1.3.6.1.4.1.14519.5.2.1.6655.2359.205548175244767315996032568958,28,181.0,342.0,194.0,354.0
