sop,inst,x_min,y_min,x_max,y_max
1.3.6.1.4.1.14519.5.2.1.6655.2359.335972635306063102478452959574,8,183.0,239.0,252.0,293.0
1.3.6.1.4.1.14519.5.2.1.6655.2359.484255176704618597825994152696,9,184.0,229.0,253.0,288.0
1.3.6.1.4.1.14519.5.2.1.6655.2359.338364400081022769436918234311,10,189.0,229.0,248.0,286.0
