sop,inst,x_min,y_min,x_max,y_max
1.3.6.1.4.1.14519.5.2.1.6655.2359.249742709680344616494931303789,11,306.0,275.0,336.0,295.0
1.3.6.1.4.1.14519.5.2.1.6655.2359.109765323456452201712071682967,12,298.0,256.0,339.0,295.0
1.3.6.1.4.1.14519.5.2.1.6655.2359.275831950250330874421868359462,13,300.0,252.0,344.0,306.0
1.3.6.1.4.1.14519.5.2.1.6655.2359.975591482425004631560769905107,14,298.0,259.0,347.0,306.0
1.3.6.1.4.1.14519.5.2.1.6655.2359.222608177663444836237972655795,15,305.0,259.0,346.0,312.0
1.3.6.1.4.1.14519.5.2.1.6655.2359.223877012594656581884004311924,16,304.0,265.0,349.0,315.0
1.3.6.1.4.1.14519.5.2.1.6655.2359.154642516966181407667444636383,17,309.0,265.0,351.0,313.0
