sop,inst,x_min,y_min,x_max,y_max
1.3.6.1.4.1.14519.5.2.1.6655.2359.323213434234349579350736310319,12,155.0,333.0,213.0,387.0
1.3.6.1.4.1.14519.5.2.1.6655.2359.889706470627466613134237851413,13,146.0,302.0,226.0,398.0
1.3.6.1.4.1.14519.5.2.1.6655.2359.143456003272993444264252856951,14,139.0,281.0,228.0,398.0
1.3.6.1.4.1.14519.5.2.1.6655.2359.272347358651485287284865472783,15,134.0,279.0,228.0,406.0
1.3.6.1.4.1.14519.5.2.1.6655.2359.192852420186099858454390760334,16,143.0,269.0,229.0,391.0
1.3.6.1.4.1.14519.5.2.1.6655.2359.344685031195128870246260791099,17,146.0,265.0,230.0,386.0
1.3.6.1.4.1.14519.5.2.1.6655.2359.152259090462144369053279986100,18,151.0,271.0,227.0,381.0
1.3.6.1.4.1.14519.5.2.1.6655.2359.984862937902886779080423047178,19,172.0,274.0,218.0,372.0
