sop,inst,x_min,y_min,x_max,y_max
1.3.6.1.4.1.14519.5.2.1.6655.2359.758828518571304456366989126488,29,329.0,317.0,391.0,366.0
1.3.6.1.4.1.14519.5.2.1.6655.2359.118437220735796410065178168417,30,330.0,318.0,395.0,384.0
1.3.6.1.4.1.14519.5.2.1.6655.2359.105147709464847749527403531740,31,333.0,306.0,390.0,376.0
1.3.6.1.4.1.14519.5.2.1.6655.2359.108005439592800032955684635402,32,332.0,313.0,395.0,370.0
1.3.6.1.4.1.14519.5.2.1.6655.2359.203165896743216070609447573705,33,339.0,290.0,393.0,368.0
1.3.6.1.4.1.14519.5.2.1.6655.2359.656739271776977589737566251446,34,340.0,298.0,391.0,355.0
1.3.6.1.4.1.14519.5.2.1.6655.2359.172541029723147794673972136053,35,339.0,284.0,399.0,358.0
1.3.6.1.4.1.14519.5.2.1.6655.2359.549308481094318682657549197317,36,339.0,299.0,389.0,350.0
