sop,inst,x_min,y_min,x_max,y_max
1.3.6.1.4.1.14519.5.2.1.6655.2359.306988868178759811088216903178,38,290.0,267.0,307.0,286.0
1.3.6.1.4.1.14519.5.2.1.6655.2359.323863995310275908214486762291,39,283.0,264.0,311.0,293.0
1.3.6.1.4.1.14519.5.2.1.6655.2359.307429254271789637042796774466,40,287.0,257.0,312.0,288.0
1.3.6.1.4.1.14519.5.2.1.6655.2359.115031325841352683276162527608,41,290.0,257.0,315.0,290.0
1.3.6.1.4.1.14519.5.2.1.6655.2359.148999004629279400486311439881,42,283.0,263.0,312.0,288.0
