sop,inst,x_min,y_min,x_max,y_max
1.3.6.1.4.1.14519.5.2.1.6655.2359.386936544335940634104504855125,13,357.0,258.0,404.0,318.0
1.3.6.1.4.1.14519.5.2.1.6655.2359.178836002044492899997583802620,14,370.0,255.0,402.0,301.0
