sop,inst,x_min,y_min,x_max,y_max
1.3.6.1.4.1.14519.5.2.1.6655.2359.103474808629694031201427710715,6,287.0,312.0,337.0,354.0
1.3.6.1.4.1.14519.5.2.1.6655.2359.116209305783745073917698426580,7,286.0,312.0,341.0,355.0
1.3.6.1.4.1.14519.5.2.1.6655.2359.304686284392194153885050926672,8,291.0,308.0,342.0,367.0
1.3.6.1.4.1.14519.5.2.1.6655.2359.161351950433588543628801861756,9,292.0,301.0,331.0,355.0
1.3.6.1.4.1.14519.5.2.1.6655.2359.227899693753864382396790716568,10,296.0,318.0,337.0,364.0
