sop,inst,x_min,y_min,x_max,y_max
1.3.6.1.4.1.14519.5.2.1.6655.2359.306380088000323399778916847676,6,293.0,309.0,323.0,348.0
1.3.6.1.4.1.14519.5.2.1.6655.2359.675583804490201448922090390098,7,287.0,306.0,332.0,359.0
1.3.6.1.4.1.14519.5.2.1.6655.2359.144633807907583783078819544507,8,290.0,308.0,337.0,355.0
1.3.6.1.4.1.14519.5.2.1.6655.2359.436223620241733747276725161563,9,286.0,303.0,336.0,356.0
1.3.6.1.4.1.14519.5.2.1.6655.2359.273159613485618464343480739055,10,284.0,315.0,331.0,361.0
