sop,inst,x_min,y_min,x_max,y_max
1.3.6.1.4.1.14519.5.2.1.6655.2359.100478570597403063742995290529,7,284.0,309.0,330.0,352.0
1.3.6.1.4.1.14519.5.2.1.6655.2359.318720805878059253813592283720,8,293.0,309.0,341.0,355.0
1.3.6.1.4.1.14519.5.2.1.6655.2359.204861539209117697874421798527,9,295.0,312.0,332.0,356.0
1.3.6.1.4.1.14519.5.2.1.6655.2359.307117450633732830687293599747,10,292.0,309.0,337.0,358.0
1.3.6.1.4.1.14519.5.2.1.6655.2359.191129369753314828839256229298,11,291.0,305.0,335.0,369.0
