sop,inst,x_min,y_min,x_max,y_max
1.3.6.1.4.1.14519.5.2.1.6655.2359.269501726848643798504861374871,42,297.0,333.0,347.0,374.0
1.3.6.1.4.1.14519.5.2.1.6655.2359.749552491846975324683164100098,43,296.0,337.0,347.0,376.0
1.3.6.1.4.1.14519.5.2.1.6655.2359.266739738713246893569394325490,44,291.0,328.0,351.0,383.0
1.3.6.1.4.1.14519.5.2.1.6655.2359.539926831568291459207409971808,45,289.0,321.0,348.0,377.0
1.3.6.1.4.1.14519.5.2.1.6655.2359.235566582395075037403534341712,46,292.0,329.0,349.0,378.0
1.3.6.1.4.1.14519.5.2.1.6655.2359.194539110856368075925557576257,47,297.0,328.0,342.0,377.0
1.3.6.1.4.1.14519.5.2.1.6655.2359.156510146227187228654008264174,48,308.0,344.0,345.0,377.0
