sop,inst,x_min,y_min,x_max,y_max
1.3.6.1.4.1.14519.5.2.1.6655.2359.137692166900180921953743423141,6,305.0,306.0,328.0,333.0
1.3.6.1.4.1.14519.5.2.1.6655.2359.481679069747399850699024689112,7,304.0,297.0,342.0,337.0
1.3.6.1.4.1.14519.5.2.1.6655.2359.134871760052048621833634835509,8,304.0,289.0,342.0,335.0
1.3.6.1.4.1.14519.5.2.1.6655.2359.881136831695628284244990285596,9,295.0,286.0,344.0,336.0
1.3.6.1.4.1.14519.5.2.1.6655.2359.293080299723849890140755900293,10,308.0,290.0,340.0,333.0
