sop,inst,x_min,y_min,x_max,y_max
1.3.6.1.4.1.14519.5.2.1.6655.2359.267248737330395924665400354921,7,295.0,311.0,328.0,345.0
1.3.6.1.4.1.14519.5.2.1.6655.2359.205081909144579884516933852429,8,293.0,309.0,331.0,350.0
1.3.6.1.4.1.14519.5.2.1.6655.2359.693351044158414522798192655214,9,291.0,308.0,333.0,360.0
1.3.6.1.4.1.14519.5.2.1.6655.2359.280739923711149890258601350872,10,292.0,306.0,336.0,353.0
1.3.6.1.4.1.14519.5.2.1.6655.2359.276759951931796618249442911130,11,294.0,306.0,334.0,364.0
