sop,inst,x_min,y_min,x_max,y_max
1.3.6.1.4.1.14519.5.2.1.6655.2359.278239278039970368163443933416,21,166.0,259.0,225.0,336.0
1.3.6.1.4.1.14519.5.2.1.6655.2359.182478607660586681500616627624,22,167.0,250.0,224.0,330.0
1.3.6.1.4.1.14519.5.2.1.6655.2359.123792331393891070189350703645,23,169.0,262.0,235.0,330.0
1.3.6.1.4.1.14519.5.2.1.6655.2359.242197699381816377463445969522,24,165.0,259.0,228.0,336.0
1.3.6.1.4.1.14519.5.2.1.6655.2359.532070465043475732506341711833,25,169.0,266.0,233.0,332.0
1.3.6.1.4.1.14519.5.2.1.6655.2359.200467660232988942574255066898,26,169.0,256.0,231.0,336.0
1.3.6.1.4.1.14519.5.2.1.6655.2359.313801141779739550971067294656,27,164.0,254.0,223.0,339.0
1.3.6.1.4.1.14519.5.2.1.6655.2359.675279037197978724431755884242,28,173.0,259.0,223.0,336.0
