sop,inst,x_min,y_min,x_max,y_max
1.3.6.1.4.1.14519.5.2.1.6655.2359.320143623876991988906686677370,10,174.0,266.0,221.0,324.0
1.3.6.1.4.1.14519.5.2.1.6655.2359.205239874747114829616441202279,11,159.0,249.0,222.0,335.0
1.3.6.1.4.1.14519.5.2.1.6655.2359.195747340019569376041017145443,12,167.0,254.0,231.0,342.0
1.3.6.1.4.1.14519.5.2.1.6655.2359.325396584630878136342738710972,13,169.0,255.0,222.0,339.0
1.3.6.1.4.1.14519.5.2.1.6655.2359.213494327624992063526262046881,14,169.0,259.0,217.0,341.0
