sop,inst,x_min,y_min,x_max,y_max
1.3.6.1.4.1.14519.5.2.1.6655.2359.281024710990649072093673582753,7,194.0,242.0,242.0,320.0
1.3.6.1.4.1.14519.5.2.1.6655.2359.224816126241141290451144380380,8,187.0,235.0,237.0,329.0
1.3.6.1.4.1.14519.5.2.1.6655.2359.213010427040874611038641745435,9,180.0,215.0,233.0,334.0
1.3.6.1.4.1.14519.5.2.1.6655.2359.237461806583984413797982679502,10,169.0,207.0,228.0,333.0
1.3.6.1.4.1.14519.5.2.1.6655.2359.208816939905418487832714864675,11,159.0,217.0,234.0,333.0
1.3.6.1.4.1.14519.5.2.1.6655.2359.258801300337997289676049327326,12,171.0,220.0,262.0,328.0
