sop,inst,x_min,y_min,x_max,y_max
1.3.6.1.4.1.14519.5.2.1.6655.2359.156031841431671756902844389478,16,165.0,296.0,194.0,330.0
1.3.6.1.4.1.14519.5.2.1.6655.2359.102237497000392770067204016267,17,161.0,291.0,196.0,330.0
1.3.6.1.4.1.14519.5.2.1.6655.2359.163985672712495996313032342326,18,162.0,295.0,200.0,336.0
1.3.6.1.4.1.14519.5.2.1.6655.2359.887390491786693678942141050110,19,163.0,283.0,204.0,345.0
1.3.6.1.4.1.14519.5.2.1.6655.2359.597452867617363443894126236754,20,157.0,297.0,203.0,339.0
1.3.6.1.4.1.14519.5.2.1.6655.2359.325731532932518606845619724564,21,163.0,302.0,201.0,327.0
