sop,inst,x_min,y_min,x_max,y_max
1.3.6.1.4.1.14519.5.2.1.6655.2359.106579106321669150148949307289,14,134.0,280.0,166.0,318.0
1.3.6.1.4.1.14519.5.2.1.6655.2359.668820751596573500294182063503,15,129.0,283.0,172.0,328.0
1.3.6.1.4.1.14519.5.2.1.6655.2359.304720390339670789689054179562,16,125.0,284.0,173.0,330.0
1.3.6.1.4.1.14519.5.2.1.6655.2359.573745832152143145951702342355,17,119.0,283.0,166.0,320.0
