sop,inst,x_min,y_min,x_max,y_max
1.3.6.1.4.1.14519.5.2.1.6655.2359.478589164940797099263911044035,42,119.0,293.0,148.0,339.0
1.3.6.1.4.1.14519.5.2.1.6655.2359.873110767991923712780418080574,43,120.0,287.0,154.0,349.0
