sop,inst,x_min,y_min,x_max,y_max
1.3.6.1.4.1.14519.5.2.1.6655.2359.746097658305408089379416016975,42,117.0,288.0,157.0,337.0
1.3.6.1.4.1.14519.5.2.1.6655.2359.220702008782283857051334689756,43,126.0,296.0,155.0,343.0
