sop,inst,x_min,y_min,x_max,y_max
1.3.6.1.4.1.14519.5.2.1.6655.2359.259359170335373470234594629546,24,144.0,286.0,200.0,359.0
1.3.6.1.4.1.14519.5.2.1.6655.2359.288412080154591647659819851946,25,149.0,291.0,206.0,356.0
1.3.6.1.4.1.14519.5.2.1.6655.2359.230700767899222494235692140706,26,147.0,290.0,203.0,353.0
1.3.6.1.4.1.14519.5.2.1.6655.2359.715034692534263599510110130086,27,139.0,294.0,200.0,353.0
1.3.6.1.4.1.14519.5.2.1.6655.2359.275893850772070198445978327943,28,151.0,292.0,195.0,346.0
