sop,inst,x_min,y_min,x_max,y_max
1.3.6.1.4.1.14519.5.2.1.6655.2359.947313738529076143705218644932,17,319.0,238.0,366.0,315.0
1.3.6.1.4.1.14519.5.2.1.6655.2359.146076791374693518238786468632,18,316.0,234.0,359.0,328.0
1.3.6.1.4.1.14519.5.2.1.6655.2359.180413679407858437998349465714,19,316.0,236.0,365.0,330.0
1.3.6.1.4.1.14519.5.2.1.6655.2359.263560398050040100647836000764,20,320.0,238.0,375.0,332.0
1.3.6.1.4.1.14519.5.2.1.6655.2359.166292262161251131084707499708,21,310.0,236.0,374.0,336.0
1.3.6.1.4.1.14519.5.2.1.6655.2359.214539600518363805553271267117,22,317.0,242.0,369.0,334.0
1.3.6.1.4.1.14519.5.2.1.6655.2359.144454649729196422149000096433,23,327.0,239.0,365.0,330.0
