sop,inst,x_min,y_min,x_max,y_max
1.3.6.1.4.1.14519.5.2.1.6655.2359.186917258973491338217103832023,9,323.0,227.0,375.0,333.0
1.3.6.1.4.1.14519.5.2.1.6655.2359.316445141037311754870186381023,10,329.0,236.0,369.0,331.0
1.3.6.1.4.1.14519.5.2.1.6655.2359.257674356289683989372117368920,11,321.0,240.0,378.0,339.0
1.3.6.1.4.1.14519.5.2.1.6655.2359.604390250249388506330247711315,12,321.0,236.0,367.0,327.0
