sop,inst,x_min,y_min,x_max,y_max
1.3.6.1.4.1.14519.5.2.1.6655.2359.302813465570732509835057377357,37,315.0,289.0,345.0,327.0
1.3.6.1.4.1.14519.5.2.1.6655.2359.993889388597846704586564575558,38,307.0,288.0,345.0,337.0
1.3.6.1.4.1.14519.5.2.1.6655.2359.303717097556759940604102821346,39,292.0,285.0,351.0,355.0
1.3.6.1.4.1.14519.5.2.1.6655.2359.188794775106589481050594810355,40,288.0,283.0,347.0,348.0
1.3.6.1.4.1.14519.5.2.1.6655.2359.160712055008507668764783834043,41,288.0,280.0,342.0,348.0
1.3.6.1.4.1.14519.5.2.1.6655.2359.624601641013144699517343691877,42,294.0,285.0,340.0,335.0
