sop,inst,x_min,y_min,x_max,y_max
1.3.6.1.4.1.14519.5.2.1.6655.2359.984623078052463271244817373355,31,297.0,269.0,348.0,335.0
1.3.6.1.4.1.14519.5.2.1.6655.2359.277115228236061906273091917503,32,294.0,268.0,358.0,328.0
1.3.6.1.4.1.14519.5.2.1.6655.2359.302314885878861765264850605321,33,293.0,270.0,355.0,339.0
