sop,inst,x_min,y_min,x_max,y_max
1.3.6.1.4.1.14519.5.2.1.6655.2359.187116740161535873955280328618,32,369.0,158.0,407.0,201.0
1.3.6.1.4.1.14519.5.2.1.6655.2359.192286425345310091019647925604,33,357.0,145.0,415.0,214.0
1.3.6.1.4.1.14519.5.2.1.6655.2359.283478137674092675413133514083,34,364.0,150.0,406.0,209.0
