sop,inst,x_min,y_min,x_max,y_max
1.3.6.1.4.1.14519.5.2.1.6655.2359.186458832080751067284787765628,31,371.0,169.0,408.0,208.0
1.3.6.1.4.1.14519.5.2.1.6655.2359.190479365087197135551328428891,32,370.0,154.0,403.0,212.0
1.3.6.1.4.1.14519.5.2.1.6655.2359.287465588540168912741332226444,33,363.0,147.0,402.0,209.0
1.3.6.1.4.1.14519.5.2.1.6655.2359.189154345177003223798034816124,34,366.0,145.0,402.0,208.0
