sop,inst,x_min,y_min,x_max,y_max
1.3.6.1.4.1.14519.5.2.1.6655.2359.267194192114316215094359349353,16,202.0,242.0,225.0,299.0
1.3.6.1.4.1.14519.5.2.1.6655.2359.627562499458568740893364316790,17,197.0,236.0,228.0,305.0
1.3.6.1.4.1.14519.5.2.1.6655.2359.241540769109438373903801452256,18,185.0,231.0,234.0,301.0
1.3.6.1.4.1.14519.5.2.1.6655.2359.734557330645326842673391077744,19,185.0,227.0,236.0,309.0
1.3.6.1.4.1.14519.5.2.1.6655.2359.156914984744703288340753934328,20,192.0,231.0,228.0,302.0
1.3.6.1.4.1.14519.5.2.1.6655.2359.502254415440125062504561922057,21,197.0,227.0,230.0,299.0
