sop,inst,x_min,y_min,x_max,y_max
1.3.6.1.4.1.14519.5.2.1.6655.2359.332750157924367095098322649513,7,136.0,284.0,157.0,314.0
1.3.6.1.4.1.14519.5.2.1.6655.2359.265369828819257860269236568263,8,130.0,286.0,172.0,319.0
