sop,inst,x_min,y_min,x_max,y_max
1.3.6.1.4.1.14519.5.2.1.6655.2359.260566757144336627380415544760,12,174.0,271.0,251.0,431.0
1.3.6.1.4.1.14519.5.2.1.6655.2359.680818596179559952819026047944,13,164.0,268.0,250.0,415.0
1.3.6.1.4.1.14519.5.2.1.6655.2359.280473621487721451856940920702,14,160.0,285.0,259.0,423.0
1.3.6.1.4.1.14519.5.2.1.6655.2359.228377065965878612355987537182,15,138.0,262.0,245.0,425.0
1.3.6.1.4.1.14519.5.2.1.6655.2359.140763023672664119428423047504,16,166.0,284.0,249.0,407.0
1.3.6.1.4.1.14519.5.2.1.6655.2359.306273304953065824257636105656,17,163.0,310.0,242.0,405.0
1.3.6.1.4.1.14519.5.2.1.6655.2359.319043806536145865658892484644,18,161.0,300.0,233.0,415.0
