sop,inst,x_min,y_min,x_max,y_max
1.3.6.1.4.1.14519.5.2.1.6655.2359.100873871444469740959636658849,8,156.0,244.0,196.0,282.0
1.3.6.1.4.1.14519.5.2.1.6655.2359.120820166112665723787020187640,9,151.0,236.0,201.0,291.0
1.3.6.1.4.1.14519.5.2.1.6655.2359.300256567361182379613057753370,10,153.0,238.0,211.0,303.0
1.3.6.1.4.1.14519.5.2.1.6655.2359.147258748504856333871460661706,11,158.0,240.0,219.0,315.0
1.3.6.1.4.1.14519.5.2.1.6655.2359.824999410719732353964794383143,12,157.0,239.0,213.0,312.0
1.3.6.1.4.1.14519.5.2.1.6655.2359.135828755344580344534003038860,13,156.0,233.0,201.0,302.0
1.3.6.1.4.1.14519.5.2.1.6655.2359.162792948041194107541111470347,14,161.0,244.0,198.0,306.0
