sop,inst,x_min,y_min,x_max,y_max
1.3.6.1.4.1.14519.5.2.1.6655.2359.119373740945938215125916658216,42,146.0,326.0,172.0,357.0
1.3.6.1.4.1.14519.5.2.1.6655.2359.294666750847623855347097168399,43,147.0,333.0,166.0,360.0
