sop,inst,x_min,y_min,x_max,y_max
1.3.6.1.4.1.14519.5.2.1.6655.2359.470921044737967035545613811923,41,149.0,324.0,174.0,350.0
1.3.6.1.4.1.14519.5.2.1.6655.2359.161181360529230700995820751936,42,139.0,319.0,177.0,358.0
1.3.6.1.4.1.14519.5.2.1.6655.2359.291979399638913490338686080183,43,140.0,324.0,178.0,369.0
