sop,inst,x_min,y_min,x_max,y_max
1.3.6.1.4.1.14519.5.2.1.6655.2359.112879699348202293099151344357,14,321.0,201.0,372.0,254.0
1.3.6.1.4.1.14519.5.2.1.6655.2359.288393039451870738504679808771,15,322.0,203.0,372.0,262.0
1.3.6.1.4.1.14519.5.2.1.6655.2359.217911262263148818143943455919,16,322.0,200.0,379.0,264.0
1.3.6.1.4.1.14519.5.2.1.6655.2359.508130852134813501139799989843,17,331.0,203.0,386.0,268.0
1.3.6.1.4.1.14519.5.2.1.6655.2359.850516408434665006547423523399,18,328.0,210.0,384.0,264.0
1.3.6.1.4.1.14519.5.2.1.6655.2359.949660900604755758190590145755,19,334.0,206.0,383.0,263.0
1.3.6.1.4.1.14519.5.2.1.6655.2359.247467364839230769638832921542,20,332.0,215.0,380.0,264.0
