sop,inst,x_min,y_min,x_max,y_max
1.3.6.1.4.1.14519.5.2.1.6655.2359.249343356466210489477690744526,10,162.0,315.0,208.0,360.0
1.3.6.1.4.1.14519.5.2.1.6655.2359.126425655195094525825667450170,11,154.0,306.0,201.0,358.0
1.3.6.1.4.1.14519.5.2.1.6655.2359.232391548524620481943310986415,12,157.0,313.0,187.0,355.0
