sop,inst,x_min,y_min,x_max,y_max
1.3.6.1.4.1.14519.5.2.1.6655.2359.182727548048818904370277800037,12,116.0,179.0,231.0,266.0
1.3.6.1.4.1.14519.5.2.1.6655.2359.315041302306765881938948202279,13,123.0,192.0,237.0,279.0
1.3.6.1.4.1.14519.5.2.1.6655.2359.816943815543214221203954996446,14,115.0,186.0,234.0,270.0
1.3.6.1.4.1.14519.5.2.1.6655.2359.266955851532310898980497683927,15,113.0,174.0,228.0,271.0
1.3.6.1.4.1.14519.5.2.1.6655.2359.959918500266790606347780139384,16,119.0,186.0,234.0,278.0
1.3.6.1.4.1.14519.5.2.1.6655.2359.321964679667704366188219972245,17,124.0,194.0,216.0,271.0
1.3.6.1.4.1.14519.5.2.1.6655.2359.995149280441842026661104308025,18,129.0,193.0,187.0,238.0
