sop,inst,x_min,y_min,x_max,y_max
1.3.6.1.4.1.14519.5.2.1.6655.2359.310856969775377398575583101223,6,157.0,272.0,218.0,313.0
1.3.6.1.4.1.14519.5.2.1.6655.2359.108901220534928615573155689392,7,150.0,270.0,219.0,317.0
1.3.6.1.4.1.14519.5.2.1.6655.2359.149593274307494619878314095354,8,145.0,264.0,223.0,311.0
1.3.6.1.4.1.14519.5.2.1.6655.2359.134698670247619108747092228921,9,150.0,260.0,215.0,309.0
1.3.6.1.4.1.14519.5.2.1.6655.2359.131885126310824715841952216941,10,158.0,262.0,216.0,309.0
