sop,inst,x_min,y_min,x_max,y_max
1.3.6.1.4.1.14519.5.2.1.6655.2359.301883141942005938757097172207,3,189.0,285.0,215.0,312.0
1.3.6.1.4.1.14519.5.2.1.6655.2359.191191743486553036176855940807,4,173.0,271.0,210.0,313.0
1.3.6.1.4.1.14519.5.2.1.6655.2359.219635738360912586228464760586,5,165.0,270.0,219.0,316.0
1.3.6.1.4.1.14519.5.2.1.6655.2359.188868641660785163134101945446,6,161.0,267.0,222.0,306.0
1.3.6.1.4.1.14519.5.2.1.6655.2359.274236832462264699412984963616,7,160.0,270.0,219.0,309.0
1.3.6.1.4.1.14519.5.2.1.6655.2359.321919072137832755643468858903,8,148.0,267.0,223.0,308.0
1.3.6.1.4.1.14519.5.2.1.6655.2359.216585427054557557512007070849,9,159.0,269.0,222.0,303.0
1.3.6.1.4.1.14519.5.2.1.6655.2359.325337436261412419780013735516,10,166.0,263.0,225.0,307.0
