sop,inst,x_min,y_min,x_max,y_max
1.3.6.1.4.1.14519.5.2.1.6655.2359.171155794759923535053426905063,6,125.0,271.0,191.0,329.0
1.3.6.1.4.1.14519.5.2.1.6655.2359.804133380076008575892099832942,7,108.0,266.0,193.0,330.0
1.3.6.1.4.1.14519.5.2.1.6655.2359.300643616137449528272408533798,8,105.0,272.0,203.0,333.0
1.3.6.1.4.1.14519.5.2.1.6655.2359.164175804291784255673484986906,9,117.0,272.0,198.0,318.0
1.3.6.1.4.1.14519.5.2.1.6655.2359.157255521108894509685733673053,10,117.0,268.0,187.0,318.0
