sop,inst,x_min,y_min,x_max,y_max
1.3.6.1.4.1.14519.5.2.1.6655.2359.173885268881000425685823753337,16,298.0,353.0,362.0,418.0
1.3.6.1.4.1.14519.5.2.1.6655.2359.293990731585262329357337788326,17,308.0,339.0,389.0,404.0
1.3.6.1.4.1.14519.5.2.1.6655.2359.143121866501308341596094672433,18,306.0,340.0,376.0,404.0
