sop,inst,x_min,y_min,x_max,y_max
1.3.6.1.4.1.14519.5.2.1.6655.2359.310335207798180066123548450682,7,159.0,245.0,228.0,306.0
1.3.6.1.4.1.14519.5.2.1.6655.2359.339708525780794713811249313878,8,144.0,233.0,237.0,313.0
1.3.6.1.4.1.14519.5.2.1.6655.2359.390783152591500014443066882164,9,154.0,233.0,236.0,312.0
1.3.6.1.4.1.14519.5.2.1.6655.2359.910531152821763873072006476232,10,154.0,215.0,237.0,305.0
1.3.6.1.4.1.14519.5.2.1.6655.2359.241399031530580064898008630623,11,157.0,221.0,232.0,309.0
1.3.6.1.4.1.14519.5.2.1.6655.2359.178488489554213189955695029522,12,154.0,213.0,232.0,306.0
1.3.6.1.4.1.14519.5.2.1.6655.2359.145232925186675349288138905982,13,157.0,226.0,234.0,307.0
1.3.6.1.4.1.14519.5.2.1.6655.2359.105351807802972642424740955782,14,170.0,240.0,229.0,300.0
1.3.6.1.4.1.14519.5.2.1.6655.2359.144716863762237217241679635992,15,169.0,239.0,227.0,299.0
