sop,inst,x_min,y_min,x_max,y_max
1.3.6.1.4.1.14519.5.2.1.6655.2359.221921991996167299109504902782,16,114.0,265.0,194.0,315.0
1.3.6.1.4.1.14519.5.2.1.6655.2359.168649872068849644204796281365,17,108.0,267.0,195.0,308.0
1.3.6.1.4.1.14519.5.2.1.6655.2359.101095645032643908561562019471,18,101.0,253.0,194.0,301.0
1.3.6.1.4.1.14519.5.2.1.6655.2359.229884498147609828498357836153,19,109.0,257.0,183.0,293.0
