sop,inst,x_min,y_min,x_max,y_max
1.3.6.1.4.1.14519.5.2.1.6655.2359.168734748134274868866395599048,13,105.0,262.0,194.0,307.0
1.3.6.1.4.1.14519.5.2.1.6655.2359.319523590407185570461680440567,14,94.0,241.0,191.0,303.0
1.3.6.1.4.1.14519.5.2.1.6655.2359.256850527513353387897546026894,15,103.0,256.0,197.0,293.0
