sop,inst,x_min,y_min,x_max,y_max
1.3.6.1.4.1.14519.5.2.1.6655.2359.291747728952828628236724533165,6,103.0,168.0,236.0,280.0
1.3.6.1.4.1.14519.5.2.1.6655.2359.120722029302556128551909050273,7,114.0,146.0,223.0,277.0
1.3.6.1.4.1.14519.5.2.1.6655.2359.149025943366940882173148205169,8,136.0,129.0,218.0,265.0
1.3.6.1.4.1.14519.5.2.1.6655.2359.172369584365230121751680662184,9,166.0,114.0,231.0,266.0
1.3.6.1.4.1.14519.5.2.1.6655.2359.444261737876949056194543708158,10,152.0,102.0,225.0,274.0
1.3.6.1.4.1.14519.5.2.1.6655.2359.215148755271173226278219593622,11,163.0,92.0,231.0,266.0
1.3.6.1.4.1.14519.5.2.1.6655.2359.205884583786287477501093938770,12,168.0,91.0,229.0,265.0
1.3.6.1.4.1.14519.5.2.1.6655.2359.651937481245839323410036059775,13,170.0,83.0,219.0,244.0
