sop,inst,x_min,y_min,x_max,y_max
1.3.6.1.4.1.14519.5.2.1.6655.2359.226559641257566036842277029245,13,301.0,271.0,338.0,318.0
1.3.6.1.4.1.14519.5.2.1.6655.2359.131825246491726871673838387571,14,295.0,271.0,344.0,326.0
1.3.6.1.4.1.14519.5.2.1.6655.2359.400938517585341008667071581161,15,295.0,267.0,337.0,326.0
1.3.6.1.4.1.14519.5.2.1.6655.2359.328240957897508369262372853825,16,294.0,263.0,335.0,330.0
1.3.6.1.4.1.14519.5.2.1.6655.2359.248833017316264295857875771178,17,293.0,265.0,340.0,333.0
