sop,inst,x_min,y_min,x_max,y_max
1.3.6.1.4.1.14519.5.2.1.6655.2359.223553309780067806780153979282,13,300.0,274.0,328.0,316.0
1.3.6.1.4.1.14519.5.2.1.6655.2359.266655260253227573546608506059,14,290.0,277.0,345.0,330.0
1.3.6.1.4.1.14519.5.2.1.6655.2359.243516493219362500614147401415,15,287.0,275.0,342.0,322.0
1.3.6.1.4.1.14519.5.2.1.6655.2359.145465326856434025988350213021,16,295.0,280.0,328.0,327.0
1.3.6.1.4.1.14519.5.2.1.6655.2359.256970752082983712711484009777,17,303.0,277.0,344.0,325.0
