sop,inst,x_min,y_min,x_max,y_max
1.3.6.1.4.1.14519.5.2.1.6655.2359.202146529492304522889282499695,8,147.0,242.0,200.0,298.0
1.3.6.1.4.1.14519.5.2.1.6655.2359.564945288570305929611967624338,9,146.0,237.0,200.0,288.0
1.3.6.1.4.1.14519.5.2.1.6655.2359.193328395884825750757844909444,10,154.0,236.0,210.0,303.0
1.3.6.1.4.1.14519.5.2.1.6655.2359.747366630492377746189103249077,11,151.0,228.0,221.0,317.0
1.3.6.1.4.1.14519.5.2.1.6655.2359.298032005071525044622625559542,12,162.0,235.0,229.0,323.0
1.3.6.1.4.1.14519.5.2.1.6655.2359.157080992937028250201984942620,13,156.0,233.0,207.0,327.0
1.3.6.1.4.1.14519.5.2.1.6655.2359.424972400936983160934305693805,14,160.0,248.0,217.0,343.0
