sop,inst,x_min,y_min,x_max,y_max
1.3.6.1.4.1.14519.5.2.1.6655.2359.318532984569819743945327607702,32,347.0,258.0,392.0,294.0
1.3.6.1.4.1.14519.5.2.1.6655.2359.234940468533028712192191843830,34,338.0,255.0,387.0,300.0
1.3.6.1.4.1.14519.5.2.1.6655.2359.947370226379256673963224587926,35,332.0,245.0,394.0,303.0
1.3.6.1.4.1.14519.5.2.1.6655.2359.245443133772450489182658706574,36,337.0,244.0,387.0,296.0
1.3.6.1.4.1.14519.5.2.1.6655.2359.204276889479753148214055656757,37,345.0,244.0,384.0,288.0
