sop,inst,x_min,y_min,x_max,y_max
1.3.6.1.4.1.14519.5.2.1.6655.2359.207407909646882363210677158356,83,143.0,223.0,162.0,243.0
1.3.6.1.4.1.14519.5.2.1.6655.2359.216453170749970592305237883907,84,140.0,218.0,166.0,242.0
1.3.6.1.4.1.14519.5.2.1.6655.2359.161861288037039788598193476236,85,143.0,221.0,166.0,241.0
1.3.6.1.4.1.14519.5.2.1.6655.2359.198696873230461834511675770066,86,140.0,218.0,165.0,244.0
