sop,inst,x_min,y_min,x_max,y_max
1.3.6.1.4.1.14519.5.2.1.6655.2359.110850766569454145124153943248,32,390.0,234.0,430.0,294.0
1.3.6.1.4.1.14519.5.2.1.6655.2359.402418783627646569523592280648,33,386.0,236.0,430.0,289.0
1.3.6.1.4.1.14519.5.2.1.6655.2359.932554206709859375533531523790,34,389.0,231.0,428.0,293.0
1.3.6.1.4.1.14519.5.2.1.6655.2359.156748027565550753887544559133,35,390.0,231.0,427.0,296.0
