sop,inst,x_min,y_min,x_max,y_max
1.3.6.1.4.1.14519.5.2.1.6655.2359.273411496536697588496579018874,39,396.0,308.0,418.0,336.0
1.3.6.1.4.1.14519.5.2.1.6655.2359.534372181917633881327993974502,40,383.0,308.0,421.0,355.0
1.3.6.1.4.1.14519.5.2.1.6655.2359.284493481357835582914757839417,41,384.0,300.0,426.0,353.0
1.3.6.1.4.1.14519.5.2.1.6655.2359.133697871352441773201745360773,42,381.0,302.0,416.0,351.0
