sop,inst,x_min,y_min,x_max,y_max
1.3.6.1.4.1.14519.5.2.1.6655.2359.228747290297710003232544406702,4,304.0,289.0,365.0,348.0
1.3.6.1.4.1.14519.5.2.1.6655.2359.256601283738143076174344910283,5,295.0,286.0,374.0,352.0
1.3.6.1.4.1.14519.5.2.1.6655.2359.150060014449727886743948490875,6,311.0,282.0,366.0,340.0
