sop,inst,x_min,y_min,x_max,y_max
1.3.6.1.4.1.14519.5.2.1.6655.2359.244018718484932305256636761453,23,176.0,265.0,231.0,340.0
1.3.6.1.4.1.14519.5.2.1.6655.2359.551033396513443624676585414451,24,172.0,270.0,228.0,336.0
1.3.6.1.4.1.14519.5.2.1.6655.2359.986277143740062365233580852295,25,169.0,256.0,231.0,329.0
1.3.6.1.4.1.14519.5.2.1.6655.2359.104750957426060478326456300320,26,156.0,248.0,229.0,344.0
1.3.6.1.4.1.14519.5.2.1.6655.2359.293907948948850256995829842731,27,154.0,237.0,226.0,332.0
1.3.6.1.4.1.14519.5.2.1.6655.2359.502446780247643169010913533846,28,153.0,250.0,223.0,342.0
1.3.6.1.4.1.14519.5.2.1.6655.2359.168309799468656138997364732410,29,154.0,265.0,211.0,339.0
1.3.6.1.4.1.14519.5.2.1.6655.2359.245683122318833086265038187858,30,154.0,267.0,210.0,330.0
1.3.6.1.4.1.14519.5.2.1.6655.2359.261123893256746494938963135568,31,164.0,277.0,207.0,330.0
