sop,inst,x_min,y_min,x_max,y_max
1.3.6.1.4.1.14519.5.2.1.6655.2359.176939594724535020783166162669,18,334.0,236.0,367.0,315.0
1.3.6.1.4.1.14519.5.2.1.6655.2359.326909165578895247875939700597,19,319.0,228.0,372.0,312.0
1.3.6.1.4.1.14519.5.2.1.6655.2359.307518121997326744906622579412,20,318.0,228.0,372.0,314.0
1.3.6.1.4.1.14519.5.2.1.6655.2359.264018858509452173373377608625,21,325.0,239.0,362.0,313.0
1.3.6.1.4.1.14519.5.2.1.6655.2359.223196379974541272980321368281,22,321.0,252.0,366.0,315.0
