sop,inst,x_min,y_min,x_max,y_max
1.3.6.1.4.1.14519.5.2.1.6655.2359.174412256046266469751861065397,30,151.0,330.0,197.0,360.0
1.3.6.1.4.1.14519.5.2.1.6655.2359.473452071869164015202061850056,31,149.0,325.0,199.0,366.0
1.3.6.1.4.1.14519.5.2.1.6655.2359.325593435896990726430302027922,32,142.0,315.0,192.0,361.0
1.3.6.1.4.1.14519.5.2.1.6655.2359.132354439165679848004837690537,33,149.0,321.0,190.0,359.0
1.3.6.1.4.1.14519.5.2.1.6655.2359.192542057030826066706656557804,34,151.0,325.0,181.0,362.0
