sop,inst,x_min,y_min,x_max,y_max
1.3.6.1.4.1.14519.5.2.1.6655.2359.164552427748370434394488934628,26,105.0,209.0,178.0,299.0
1.3.6.1.4.1.14519.5.2.1.6655.2359.229602612521015365932366102757,27,109.0,196.0,190.0,298.0
1.3.6.1.4.1.14519.5.2.1.6655.2359.229086667323863630493680640726,28,114.0,185.0,192.0,303.0
1.3.6.1.4.1.14519.5.2.1.6655.2359.151265339448945061020044373341,29,116.0,169.0,195.0,288.0
1.3.6.1.4.1.14519.5.2.1.6655.2359.272320345811553429962658367402,30,114.0,162.0,192.0,275.0
