sop,inst,x_min,y_min,x_max,y_max
1.3.6.1.4.1.14519.5.2.1.6655.2359.115251696593891291062392782088,16,186.0,298.0,239.0,387.0
1.3.6.1.4.1.14519.5.2.1.6655.2359.338790478338386951141071370998,17,172.0,297.0,242.0,386.0
1.3.6.1.4.1.14519.5.2.1.6655.2359.324159010185081970085828456887,18,167.0,303.0,245.0,389.0
1.3.6.1.4.1.14519.5.2.1.6655.2359.846943273442981855611345652289,19,168.0,302.0,246.0,382.0
1.3.6.1.4.1.14519.5.2.1.6655.2359.122138670895687213932041538327,20,172.0,299.0,235.0,373.0
1.3.6.1.4.1.14519.5.2.1.6655.2359.136042277623375098072477606939,21,160.0,283.0,242.0,370.0
1.3.6.1.4.1.14519.5.2.1.6655.2359.207464867596587721183456441567,22,161.0,282.0,227.0,370.0
1.3.6.1.4.1.14519.5.2.1.6655.2359.132776595268387863320663439283,23,169.0,277.0,229.0,372.0
1.3.6.1.4.1.14519.5.2.1.6655.2359.188569730896823014668394951948,24,169.0,286.0,237.0,351.0
