sop,inst,x_min,y_min,x_max,y_max
1.3.6.1.4.1.14519.5.2.1.6655.2359.217260904284563579184991029992,18,180.0,243.0,236.0,327.0
1.3.6.1.4.1.14519.5.2.1.6655.2359.565936525037204727781796204367,19,175.0,223.0,222.0,300.0
1.3.6.1.4.1.14519.5.2.1.6655.2359.103059767288794151375973568798,20,178.0,192.0,228.0,303.0
1.3.6.1.4.1.14519.5.2.1.6655.2359.241871942240862060566805385815,21,151.0,206.0,215.0,307.0
1.3.6.1.4.1.14519.5.2.1.6655.2359.113187111441488501582438568696,22,157.0,191.0,212.0,308.0
1.3.6.1.4.1.14519.5.2.1.6655.2359.296804952077100291409726199429,23,151.0,207.0,223.0,300.0
1.3.6.1.4.1.14519.5.2.1.6655.2359.656663665103040328372846249517,24,157.0,198.0,219.0,317.0
