sop,inst,x_min,y_min,x_max,y_max
1.3.6.1.4.1.14519.5.2.1.6655.2359.230509935187498040291119220706,8,323.0,281.0,354.0,321.0
1.3.6.1.4.1.14519.5.2.1.6655.2359.206112231504865537885936357489,9,328.0,278.0,352.0,315.0
1.3.6.1.4.1.14519.5.2.1.6655.2359.184757194965505922910395911753,10,327.0,275.0,353.0,313.0
