sop,inst,x_min,y_min,x_max,y_max
1.3.6.1.4.1.14519.5.2.1.6655.2359.334587503848229660944512805702,16,122.0,276.0,162.0,323.0
1.3.6.1.4.1.14519.5.2.1.6655.2359.812782487622377090705129019240,17,124.0,277.0,172.0,338.0
1.3.6.1.4.1.14519.5.2.1.6655.2359.130428800538645180042562759206,18,128.0,275.0,172.0,330.0
1.3.6.1.4.1.14519.5.2.1.6655.2359.817106229507431401383795530841,19,131.0,275.0,165.0,318.0
1.3.6.1.4.1.14519.5.2.1.6655.2359.173585633261009761435460138215,20,129.0,288.0,163.0,315.0
