sop,inst,x_min,y_min,x_max,y_max
1.3.6.1.4.1.14519.5.2.1.6655.2359.281533235300509410577949388910,8,125.0,277.0,166.0,322.0
1.3.6.1.4.1.14519.5.2.1.6655.2359.297990707663163325997702142890,9,126.0,268.0,166.0,320.0
1.3.6.1.4.1.14519.5.2.1.6655.2359.276377270186738569522486015772,10,130.0,280.0,158.0,313.0
