sop,inst,x_min,y_min,x_max,y_max
1.3.6.1.4.1.14519.5.2.1.6655.2359.231844887181072286588089069172,37,109.0,310.0,160.0,359.0
1.3.6.1.4.1.14519.5.2.1.6655.2359.742707935365966191542146964353,38,108.0,314.0,157.0,366.0
1.3.6.1.4.1.14519.5.2.1.6655.2359.253585421994132693396196974888,39,129.0,325.0,153.0,361.0
1.3.6.1.4.1.14519.5.2.1.6655.2359.299147772928534159828116269154,40,103.0,323.0,155.0,374.0
1.3.6.1.4.1.14519.5.2.1.6655.2359.216110074923563730318973318866,41,94.0,325.0,151.0,377.0
1.3.6.1.4.1.14519.5.2.1.6655.2359.289067627119043144864101610532,42,92.0,321.0,147.0,377.0
1.3.6.1.4.1.14519.5.2.1.6655.2359.765442414404872380373144003248,43,97.0,327.0,141.0,369.0
1.3.6.1.4.1.14519.5.2.1.6655.2359.611519970646905140308475279259,44,90.0,329.0,139.0,375.0
1.3.6.1.4.1.14519.5.2.1.6655.2359.138767681721715050157217026332,45,89.0,331.0,131.0,371.0
