sop,inst,x_min,y_min,x_max,y_max
1.3.6.1.4.1.14519.5.2.1.6655.2359.146758400807281925620860396951,39,130.0,327.0,151.0,362.0
1.3.6.1.4.1.14519.5.2.1.6655.2359.293494218932015679435394526478,40,107.0,327.0,149.0,371.0
1.3.6.1.4.1.14519.5.2.1.6655.2359.191387079983560757818410016782,41,99.0,326.0,144.0,376.0
1.3.6.1.4.1.14519.5.2.1.6655.2359.308897257681803544606220797110,42,100.0,321.0,144.0,371.0
1.3.6.1.4.1.14519.5.2.1.6655.2359.277085490100686507058284357051,43,100.0,322.0,139.0,368.0
1.3.6.1.4.1.14519.5.2.1.6655.2359.273104930544284136091326402624,44,90.0,327.0,133.0,370.0
1.3.6.1.4.1.14519.5.2.1.6655.2359.169450222570653413694944064919,45,90.0,332.0,128.0,371.0
1.3.6.1.4.1.14519.5.2.1.6655.2359.241802858643674863734925528701,46,86.0,333.0,119.0,370.0
