sop,inst,x_min,y_min,x_max,y_max
1.3.6.1.4.1.14519.5.2.1.6655.2359.198882984300721521395818462570,9,325.0,313.0,378.0,372.0
1.3.6.1.4.1.14519.5.2.1.6655.2359.186285901014507365345563298628,10,293.0,300.0,387.0,399.0
1.3.6.1.4.1.14519.5.2.1.6655.2359.297025963981352434163016201766,11,305.0,296.0,389.0,403.0
1.3.6.1.4.1.14519.5.2.1.6655.2359.286231182033111097475672514188,12,304.0,292.0,407.0,409.0
1.3.6.1.4.1.14519.5.2.1.6655.2359.232311530452424189086595740981,13,279.0,265.0,390.0,387.0
1.3.6.1.4.1.14519.5.2.1.6655.2359.405873996680000722308966194937,14,294.0,301.0,401.0,388.0
