sop,inst,x_min,y_min,x_max,y_max
1.3.6.1.4.1.14519.5.2.1.6655.2359.145835787252465956341359895313,27,332.0,233.0,375.0,298.0
1.3.6.1.4.1.14519.5.2.1.6655.2359.150121743997024560506354577562,28,326.0,236.0,384.0,306.0
1.3.6.1.4.1.14519.5.2.1.6655.2359.280955248335202687510300355010,29,322.0,232.0,387.0,311.0
1.3.6.1.4.1.14519.5.2.1.6655.2359.114195197433907040510654833157,30,323.0,225.0,392.0,311.0
1.3.6.1.4.1.14519.5.2.1.6655.2359.150665414177677238728141224567,31,318.0,233.0,388.0,312.0
1.3.6.1.4.1.14519.5.2.1.6655.2359.260898248261122033674364128259,32,323.0,230.0,396.0,312.0
1.3.6.1.4.1.14519.5.2.1.6655.2359.105992484897188335200317273098,33,325.0,232.0,401.0,318.0
1.3.6.1.4.1.14519.5.2.1.6655.2359.439738364596575325446526467236,34,328.0,239.0,387.0,308.0
1.3.6.1.4.1.14519.5.2.1.6655.2359.285954025910920339289603197961,35,327.0,237.0,382.0,311.0
