sop,inst,x_min,y_min,x_max,y_max
1.3.6.1.4.1.14519.5.2.1.6655.2359.136593625038009434935859950263,15,317.0,288.0,371.0,355.0
1.3.6.1.4.1.14519.5.2.1.6655.2359.212475180680442647152932039534,16,301.0,278.0,372.0,352.0
1.3.6.1.4.1.14519.5.2.1.6655.2359.287237832059599433277945600154,17,306.0,280.0,371.0,348.0
1.3.6.1.4.1.14519.5.2.1.6655.2359.230908101728619326614736012600,18,296.0,290.0,365.0,350.0
1.3.6.1.4.1.14519.5.2.1.6655.2359.218696233912111542255066362196,19,313.0,293.0,354.0,353.0
