sop,inst,x_min,y_min,x_max,y_max
1.3.6.1.4.1.14519.5.2.1.6655.2359.266839924795762848160998145759,19,319.0,282.0,373.0,348.0
1.3.6.1.4.1.14519.5.2.1.6655.2359.164780694150729540372570592928,20,293.0,282.0,369.0,350.0
1.3.6.1.4.1.14519.5.2.1.6655.2359.116526605811762238368730869570,21,303.0,283.0,369.0,349.0
1.3.6.1.4.1.14519.5.2.1.6655.2359.246616257950343592177738172358,22,299.0,288.0,386.0,348.0
1.3.6.1.4.1.14519.5.2.1.6655.2359.153080973736195387955962679326,23,304.0,289.0,372.0,353.0
1.3.6.1.4.1.14519.5.2.1.6655.2359.182787214190015272941745130785,24,298.0,291.0,363.0,349.0
