sop,inst,x_min,y_min,x_max,y_max
1.3.6.1.4.1.14519.5.2.1.6655.2359.247326145329319793409886408864,27,101.0,393.0,157.0,449.0
1.3.6.1.4.1.14519.5.2.1.6655.2359.171580007537454623797607392293,28,105.0,383.0,168.0,447.0
1.3.6.1.4.1.14519.5.2.1.6655.2359.244790639527685973407396256467,29,98.0,394.0,166.0,447.0
