sop,inst,x_min,y_min,x_max,y_max
1.3.6.1.4.1.14519.5.2.1.6655.2359.117244249650869649267687417760,6,310.0,318.0,358.0,360.0
1.3.6.1.4.1.14519.5.2.1.6655.2359.429353912313316206125515431526,7,328.0,224.0,390.0,355.0
1.3.6.1.4.1.14519.5.2.1.6655.2359.131620538528850538072522053420,8,332.0,188.0,399.0,352.0
1.3.6.1.4.1.14519.5.2.1.6655.2359.145167458288710784499236163344,9,325.0,181.0,405.0,345.0
1.3.6.1.4.1.14519.5.2.1.6655.2359.197907972695777538360382045126,10,328.0,185.0,406.0,336.0
1.3.6.1.4.1.14519.5.2.1.6655.2359.331287818001903127817625393630,11,312.0,206.0,405.0,321.0
1.3.6.1.4.1.14519.5.2.1.6655.2359.265006355115075469972424975877,12,323.0,217.0,419.0,315.0
1.3.6.1.4.1.14519.5.2.1.6655.2359.272415142160357137518884312792,13,368.0,248.0,415.0,285.0
