sop,inst,x_min,y_min,x_max,y_max
1.3.6.1.4.1.14519.5.2.1.6655.2359.286661358426703066569561932516,79,140.0,332.0,164.0,354.0
1.3.6.1.4.1.14519.5.2.1.6655.2359.590212657884400960974363230924,80,139.0,325.0,161.0,357.0
1.3.6.1.4.1.14519.5.2.1.6655.2359.143456428434007197792823262391,81,139.0,329.0,165.0,355.0
1.3.6.1.4.1.14519.5.2.1.6655.2359.233717177073502187934084858409,82,140.0,325.0,162.0,357.0
1.3.6.1.4.1.14519.5.2.1.6655.2359.197863876433879393918198583427,83,138.0,328.0,164.0,360.0
1.3.6.1.4.1.14519.5.2.1.6655.2359.117072364131172828899055971251,84,134.0,329.0,164.0,359.0
1.3.6.1.4.1.14519.5.2.1.6655.2359.248642098091625999703927335398,85,139.0,332.0,165.0,354.0
