sop,inst,x_min,y_min,x_max,y_max
1.3.6.1.4.1.14519.5.2.1.6655.2359.789585092016636124550663051527,13,121.0,269.0,197.0,341.0
1.3.6.1.4.1.14519.5.2.1.6655.2359.100536901127280009255094350715,14,107.0,250.0,207.0,351.0
1.3.6.1.4.1.14519.5.2.1.6655.2359.110181253940843857871146821124,15,122.0,271.0,208.0,350.0
1.3.6.1.4.1.14519.5.2.1.6655.2359.248586450102189179642011645360,16,80.0,283.0,212.0,344.0
1.3.6.1.4.1.14519.5.2.1.6655.2359.276480679529229165954799890455,17,156.0,284.0,203.0,337.0
