sop,inst,x_min,y_min,x_max,y_max
1.3.6.1.4.1.14519.5.2.1.6655.2359.210688067268768861788027106548,16,358.0,263.0,392.0,307.0
1.3.6.1.4.1.14519.5.2.1.6655.2359.283241782076942892575342199120,17,354.0,262.0,397.0,314.0
1.3.6.1.4.1.14519.5.2.1.6655.2359.166275925493236437070915581559,18,355.0,255.0,404.0,311.0
1.3.6.1.4.1.14519.5.2.1.6655.2359.146445654727443875165306918148,19,354.0,246.0,409.0,307.0
1.3.6.1.4.1.14519.5.2.1.6655.2359.264809352328747729008351241450,20,353.0,257.0,405.0,311.0
1.3.6.1.4.1.14519.5.2.1.6655.2359.443291550322750290956273113880,21,355.0,261.0,408.0,323.0
1.3.6.1.4.1.14519.5.2.1.6655.2359.303483071626813165695839429298,22,358.0,262.0,395.0,311.0
