sop,inst,x_min,y_min,x_max,y_max
1.3.6.1.4.1.14519.5.2.1.6655.2359.170616280869855191905880356471,16,361.0,264.0,394.0,308.0
1.3.6.1.4.1.14519.5.2.1.6655.2359.106053266562558085116587047775,17,355.0,264.0,397.0,315.0
1.3.6.1.4.1.14519.5.2.1.6655.2359.262716429889433869797715871302,18,354.0,258.0,404.0,315.0
1.3.6.1.4.1.14519.5.2.1.6655.2359.943011904666206718308184316716,19,358.0,257.0,408.0,314.0
1.3.6.1.4.1.14519.5.2.1.6655.2359.224102701217323758900937906762,20,357.0,257.0,408.0,309.0
1.3.6.1.4.1.14519.5.2.1.6655.2359.161329779930308617951172854294,21,356.0,260.0,408.0,315.0
1.3.6.1.4.1.14519.5.2.1.6655.2359.524852838096793273823046835074,22,358.0,265.0,399.0,311.0
