sop,inst,x_min,y_min,x_max,y_max
1.3.6.1.4.1.14519.5.2.1.6655.2359.314832262987437220564370723180,9,189.0,266.0,223.0,297.0
1.3.6.1.4.1.14519.5.2.1.6655.2359.227540901423491910413233892302,10,196.0,270.0,228.0,298.0
1.3.6.1.4.1.14519.5.2.1.6655.2359.233136867936935135603516435775,11,194.0,264.0,225.0,300.0
