sop,inst,x_min,y_min,x_max,y_max
1.3.6.1.4.1.14519.5.2.1.6655.2359.696403985150134179774910620970,9,194.0,269.0,224.0,296.0
1.3.6.1.4.1.14519.5.2.1.6655.2359.129017708412076707317677055767,10,184.0,267.0,229.0,299.0
1.3.6.1.4.1.14519.5.2.1.6655.2359.146765851150123603664044123249,11,198.0,269.0,231.0,301.0
