sop,inst,x_min,y_min,x_max,y_max
1.3.6.1.4.1.14519.5.2.1.6655.2359.127009479416335503484048431400,4,271.0,250.0,291.0,272.0
1.3.6.1.4.1.14519.5.2.1.6655.2359.319958562446947414008725193484,5,271.0,244.0,292.0,270.0
1.3.6.1.4.1.14519.5.2.1.6655.2359.193682776348659229871703055137,6,274.0,247.0,290.0,269.0
