sop,inst,x_min,y_min,x_max,y_max
1.3.6.1.4.1.14519.5.2.1.6655.2359.464324259984827496588431050456,4,334.0,224.0,386.0,305.0
1.3.6.1.4.1.14519.5.2.1.6655.2359.987581214107463539684179860639,5,327.0,209.0,398.0,319.0
1.3.6.1.4.1.14519.5.2.1.6655.2359.256370585200314586366278345188,6,332.0,217.0,394.0,326.0
1.3.6.1.4.1.14519.5.2.1.6655.2359.149187065582785848988783934158,7,340.0,212.0,394.0,322.0
