sop,inst,x_min,y_min,x_max,y_max
1.3.6.1.4.1.14519.5.2.1.6655.2359.133429632334489193066752992836,17,178.0,165.0,257.0,297.0
1.3.6.1.4.1.14519.5.2.1.6655.2359.268164170103889525108604784170,18,179.0,149.0,260.0,298.0
1.3.6.1.4.1.14519.5.2.1.6655.2359.727788441494175106064943057231,19,176.0,143.0,271.0,326.0
1.3.6.1.4.1.14519.5.2.1.6655.2359.134362940389271780604470360625,20,181.0,149.0,261.0,317.0
1.3.6.1.4.1.14519.5.2.1.6655.2359.243953338267155270231603311296,21,175.0,143.0,260.0,311.0
1.3.6.1.4.1.14519.5.2.1.6655.2359.297504482499324324139354269435,22,181.0,150.0,266.0,321.0
1.3.6.1.4.1.14519.5.2.1.6655.2359.293049072785917027470496917813,23,187.0,139.0,261.0,313.0
1.3.6.1.4.1.14519.5.2.1.6655.2359.188631768077072643955566833578,24,171.0,178.0,263.0,311.0
1.3.6.1.4.1.14519.5.2.1.6655.2359.330100917089052395055717143887,25,175.0,179.0,260.0,321.0
