sop,inst,x_min,y_min,x_max,y_max
1.3.6.1.4.1.14519.5.2.1.6655.2359.158413426095310651926435318862,17,209.0,174.0,228.0,200.0
