sop,inst,x_min,y_min,x_max,y_max
1.3.6.1.4.1.14519.5.2.1.6655.2359.319030357926305818158062559701,9,198.0,180.0,229.0,211.0
