sop,inst,x_min,y_min,x_max,y_max
1.3.6.1.4.1.14519.5.2.1.6655.2359.211132378389677355553080845282,148,368.0,190.0,396.0,226.0
1.3.6.1.4.1.14519.5.2.1.6655.2359.114326982366562448210198466056,149,373.0,194.0,397.0,222.0
1.3.6.1.4.1.14519.5.2.1.6655.2359.107021211117913326921753117760,150,366.0,192.0,398.0,230.0
1.3.6.1.4.1.14519.5.2.1.6655.2359.248228150772204292150575009577,151,377.0,193.0,404.0,230.0
1.3.6.1.4.1.14519.5.2.1.6655.2359.252166144889227104926996683166,152,373.0,193.0,396.0,225.0
1.3.6.1.4.1.14519.5.2.1.6655.2359.339291259674244986680982877764,153,371.0,186.0,396.0,222.0
1.3.6.1.4.1.14519.5.2.1.6655.2359.200659625648217830977255140031,154,372.0,192.0,401.0,220.0
1.3.6.1.4.1.14519.5.2.1.6655.2359.316968129911009692081025034013,155,369.0,192.0,407.0,228.0
1.3.6.1.4.1.14519.5.2.1.6655.2359.119564445933677933424900845723,156,379.0,196.0,401.0,220.0
