sop,inst,x_min,y_min,x_max,y_max
1.3.6.1.4.1.14519.5.2.1.6655.2359.165239668383586697830377320892,30,365.0,189.0,399.0,224.0
1.3.6.1.4.1.14519.5.2.1.6655.2359.311228214222838934449085436297,31,377.0,194.0,395.0,218.0
1.3.6.1.4.1.14519.5.2.1.6655.2359.845953571028716235369695835239,32,371.0,188.0,398.0,221.0
