sop,inst,x_min,y_min,x_max,y_max
1.3.6.1.4.1.14519.5.2.1.6655.2359.124032679804083724043459286148,149,369.0,192.0,398.0,228.0
1.3.6.1.4.1.14519.5.2.1.6655.2359.919288865619200259462323982394,150,368.0,192.0,404.0,230.0
1.3.6.1.4.1.14519.5.2.1.6655.2359.100238567619784810234323360320,151,371.0,195.0,404.0,221.0
1.3.6.1.4.1.14519.5.2.1.6655.2359.306653340553069720102459534653,152,375.0,195.0,396.0,220.0
1.3.6.1.4.1.14519.5.2.1.6655.2359.304221684408470811045442652104,153,375.0,192.0,409.0,233.0
1.3.6.1.4.1.14519.5.2.1.6655.2359.264298837340831138820903848838,154,375.0,197.0,400.0,224.0
1.3.6.1.4.1.14519.5.2.1.6655.2359.321667506499723310977107712005,155,377.0,199.0,396.0,219.0
1.3.6.1.4.1.14519.5.2.1.6655.2359.997088096281500947148869711486,156,371.0,199.0,396.0,215.0
