sop,inst,x_min,y_min,x_max,y_max
1.3.6.1.4.1.14519.5.2.1.6655.2359.103611608430812023937629682260,14,142.0,360.0,190.0,424.0
1.3.6.1.4.1.14519.5.2.1.6655.2359.123370552026542394251233796304,15,127.0,359.0,201.0,419.0
1.3.6.1.4.1.14519.5.2.1.6655.2359.546776249641359216600411601654,16,125.0,353.0,195.0,418.0
1.3.6.1.4.1.14519.5.2.1.6655.2359.229447436305411999674525443736,17,131.0,368.0,193.0,418.0
