sop,inst,x_min,y_min,x_max,y_max
1.3.6.1.4.1.14519.5.2.1.6655.2359.178531440421035787476618462827,38,148.0,366.0,184.0,418.0
1.3.6.1.4.1.14519.5.2.1.6655.2359.299131305629292984718866729519,39,128.0,356.0,192.0,418.0
1.3.6.1.4.1.14519.5.2.1.6655.2359.897715722617202614438703143841,40,122.0,348.0,195.0,421.0
1.3.6.1.4.1.14519.5.2.1.6655.2359.191397794574573210629130661309,41,121.0,353.0,201.0,418.0
1.3.6.1.4.1.14519.5.2.1.6655.2359.351828764049458680286940655136,42,124.0,350.0,200.0,418.0
1.3.6.1.4.1.14519.5.2.1.6655.2359.394999664862377608576107282440,43,126.0,355.0,197.0,413.0
1.3.6.1.4.1.14519.5.2.1.6655.2359.182002167749395491069422135067,44,122.0,353.0,198.0,416.0
1.3.6.1.4.1.14519.5.2.1.6655.2359.804983853523133468978561507085,45,119.0,361.0,195.0,407.0
1.3.6.1.4.1.14519.5.2.1.6655.2359.132457478134472702115991505703,46,122.0,360.0,187.0,409.0
