sop,inst,x_min,y_min,x_max,y_max
1.3.6.1.4.1.14519.5.2.1.6655.2359.265961328975191115087921712956,41,214.0,304.0,237.0,335.0
1.3.6.1.4.1.14519.5.2.1.6655.2359.155834284512388403190748288247,42,216.0,303.0,236.0,337.0
