sop,inst,x_min,y_min,x_max,y_max
1.3.6.1.4.1.14519.5.2.1.6655.2359.552780508596403657630483258702,6,328.0,293.0,355.0,326.0
1.3.6.1.4.1.14519.5.2.1.6655.2359.176233085242468134399213213578,7,309.0,289.0,355.0,327.0
1.3.6.1.4.1.14519.5.2.1.6655.2359.186210416204505620895610637508,8,312.0,292.0,339.0,327.0
