sop,inst,x_min,y_min,x_max,y_max
1.3.6.1.4.1.14519.5.2.1.6655.2359.240478222002458334094999754618,7,294.0,221.0,357.0,275.0
1.3.6.1.4.1.14519.5.2.1.6655.2359.315019385803711465548974058601,8,290.0,214.0,355.0,277.0
1.3.6.1.4.1.14519.5.2.1.6655.2359.324231009084857801782110738012,9,289.0,205.0,357.0,277.0
1.3.6.1.4.1.14519.5.2.1.6655.2359.198662202910023619658193047115,10,282.0,193.0,357.0,280.0
1.3.6.1.4.1.14519.5.2.1.6655.2359.259634972539604764109100757132,11,289.0,198.0,354.0,278.0
1.3.6.1.4.1.14519.5.2.1.6655.2359.347807106307703646563811351654,12,285.0,195.0,353.0,271.0
1.3.6.1.4.1.14519.5.2.1.6655.2359.245397923050621651412961609579,13,290.0,189.0,351.0,274.0
1.3.6.1.4.1.14519.5.2.1.6655.2359.314282677812333868640479679583,14,298.0,199.0,351.0,266.0
1.3.6.1.4.1.14519.5.2.1.6655.2359.946751606685747757885620192807,15,301.0,203.0,348.0,259.0
