sop,inst,x_min,y_min,x_max,y_max
1.3.6.1.4.1.14519.5.2.1.6655.2359.228345580343543189093094437689,149,371.0,196.0,404.0,224.0
1.3.6.1.4.1.14519.5.2.1.6655.2359.309107990770167184278424241755,150,372.0,193.0,406.0,225.0
1.3.6.1.4.1.14519.5.2.1.6655.2359.148062689221939641420927465708,151,368.0,190.0,398.0,231.0
1.3.6.1.4.1.14519.5.2.1.6655.2359.301648005483324251759246115725,152,375.0,194.0,402.0,226.0
1.3.6.1.4.1.14519.5.2.1.6655.2359.911104867499818917793708117422,153,371.0,193.0,398.0,227.0
1.3.6.1.4.1.14519.5.2.1.6655.2359.170554867038033613864126423567,154,377.0,198.0,408.0,230.0
1.3.6.1.4.1.14519.5.2.1.6655.2359.242407490282566783461205631026,155,372.0,193.0,398.0,222.0
1.3.6.1.4.1.14519.5.2.1.6655.2359.257643707215593264920074113825,156,372.0,195.0,394.0,219.0
1.3.6.1.4.1.14519.5.2.1.6655.2359.301706531065123173338836113782,157,377.0,198.0,395.0,222.0
