sop,inst,x_min,y_min,x_max,y_max
1.3.6.1.4.1.14519.5.2.1.6655.2359.191671083418782742347492153734,30,376.0,192.0,403.0,230.0
1.3.6.1.4.1.14519.5.2.1.6655.2359.132764133162086556928759237124,31,372.0,193.0,401.0,226.0
1.3.6.1.4.1.14519.5.2.1.6655.2359.536177258800111913796876472003,32,375.0,192.0,395.0,224.0
