sop,inst,x_min,y_min,x_max,y_max
1.3.6.1.4.1.14519.5.2.1.6655.2359.288821959675748060211407806259,13,317.0,192.0,366.0,247.0
1.3.6.1.4.1.14519.5.2.1.6655.2359.138456768480413332728483661746,14,312.0,189.0,354.0,252.0
1.3.6.1.4.1.14519.5.2.1.6655.2359.430092671623599374687081101166,15,296.0,194.0,357.0,235.0
1.3.6.1.4.1.14519.5.2.1.6655.2359.270781973700845069151017958269,16,295.0,186.0,354.0,242.0
1.3.6.1.4.1.14519.5.2.1.6655.2359.281409072921005033292372162409,17,313.0,189.0,347.0,240.0
