sop,inst,x_min,y_min,x_max,y_max
1.3.6.1.4.1.14519.5.2.1.6655.2359.193446665289465733749992099826,13,310.0,189.0,357.0,248.0
1.3.6.1.4.1.14519.5.2.1.6655.2359.834129531200239377907860115117,14,322.0,189.0,347.0,239.0
1.3.6.1.4.1.14519.5.2.1.6655.2359.143075069633746124542865692681,15,296.0,194.0,363.0,246.0
1.3.6.1.4.1.14519.5.2.1.6655.2359.307461051737903778070706911678,16,301.0,195.0,361.0,244.0
1.3.6.1.4.1.14519.5.2.1.6655.2359.451079344860689294657920624170,17,315.0,197.0,359.0,244.0
