sop,inst,x_min,y_min,x_max,y_max
1.3.6.1.4.1.14519.5.2.1.6655.2359.184809206278186038652449169624,31,130.0,298.0,165.0,327.0
1.3.6.1.4.1.14519.5.2.1.6655.2359.175795164747267738632409801805,32,128.0,295.0,161.0,330.0
1.3.6.1.4.1.14519.5.2.1.6655.2359.810950689869260378520008662944,33,131.0,292.0,166.0,331.0
1.3.6.1.4.1.14519.5.2.1.6655.2359.521875483226419537158358754192,34,128.0,286.0,166.0,318.0
