sop,inst,x_min,y_min,x_max,y_max
1.3.6.1.4.1.14519.5.2.1.6655.2359.216666978697126071999099258233,31,131.0,300.0,166.0,328.0
1.3.6.1.4.1.14519.5.2.1.6655.2359.198257172451597532462409548727,32,128.0,289.0,163.0,333.0
1.3.6.1.4.1.14519.5.2.1.6655.2359.107114124354232314043874355937,33,131.0,286.0,161.0,335.0
1.3.6.1.4.1.14519.5.2.1.6655.2359.329476062817581802057581421685,34,125.0,286.0,163.0,323.0
