sop,inst,x_min,y_min,x_max,y_max
1.3.6.1.4.1.14519.5.2.1.6655.2359.311136062480727456494389630655,45,184.0,353.0,219.0,406.0
1.3.6.1.4.1.14519.5.2.1.6655.2359.248990402308475074782485556008,46,183.0,349.0,221.0,409.0
1.3.6.1.4.1.14519.5.2.1.6655.2359.152093716547005138197202860259,47,160.0,343.0,219.0,406.0
1.3.6.1.4.1.14519.5.2.1.6655.2359.129391052985065795191654079702,48,166.0,350.0,218.0,412.0
1.3.6.1.4.1.14519.5.2.1.6655.2359.208428570032241561566804460653,49,166.0,350.0,222.0,412.0
1.3.6.1.4.1.14519.5.2.1.6655.2359.208455704999890680230527671362,50,164.0,353.0,219.0,409.0
1.3.6.1.4.1.14519.5.2.1.6655.2359.204080830877252660892849987274,51,175.0,348.0,216.0,400.0
1.3.6.1.4.1.14519.5.2.1.6655.2359.271249032821470755126885048298,52,187.0,356.0,216.0,400.0
