sop,inst,x_min,y_min,x_max,y_max
1.3.6.1.4.1.14519.5.2.1.6655.2359.277503809679363689979690225609,13,325.0,292.0,380.0,350.0
1.3.6.1.4.1.14519.5.2.1.6655.2359.879185674232764999896073476502,14,319.0,287.0,384.0,345.0
1.3.6.1.4.1.14519.5.2.1.6655.2359.485496215862069272713433498868,15,317.0,285.0,387.0,342.0
1.3.6.1.4.1.14519.5.2.1.6655.2359.264580084886987949815463541268,16,325.0,286.0,389.0,328.0
