sop,inst,x_min,y_min,x_max,y_max
1.3.6.1.4.1.14519.5.2.1.6655.2359.850952997739637875361275586633,6,331.0,296.0,377.0,342.0
1.3.6.1.4.1.14519.5.2.1.6655.2359.201405424087858507555767748213,7,323.0,296.0,385.0,326.0
