sop,inst,x_min,y_min,x_max,y_max
1.3.6.1.4.1.14519.5.2.1.6655.2359.240312523252388665646962879532,7,341.0,307.0,386.0,377.0
1.3.6.1.4.1.14519.5.2.1.6655.2359.118972525676913596910705207496,8,328.0,309.0,395.0,382.0
1.3.6.1.4.1.14519.5.2.1.6655.2359.292005266294469099140058370060,9,334.0,318.0,381.0,380.0
