sop,inst,x_min,y_min,x_max,y_max
1.3.6.1.4.1.14519.5.2.1.6655.2359.337814289818585728632721926660,7,341.0,306.0,386.0,374.0
1.3.6.1.4.1.14519.5.2.1.6655.2359.337126627901080684858616598624,8,334.0,297.0,392.0,373.0
1.3.6.1.4.1.14519.5.2.1.6655.2359.531265840357229821999468657744,9,322.0,318.0,381.0,380.0
