sop,inst,x_min,y_min,x_max,y_max
1.3.6.1.4.1.14519.5.2.1.6655.2359.132949147780028934925011114832,47,414.0,293.0,443.0,322.0
1.3.6.1.4.1.14519.5.2.1.6655.2359.266919895484501514916412016338,48,412.0,295.0,443.0,325.0
1.3.6.1.4.1.14519.5.2.1.6655.2359.296180797873384273216432735231,49,419.0,301.0,447.0,323.0
