sop,inst,x_min,y_min,x_max,y_max
1.3.6.1.4.1.14519.5.2.1.6655.2359.114331993869659473407045127629,14,118.0,186.0,201.0,307.0
1.3.6.1.4.1.14519.5.2.1.6655.2359.263570069044643933485972336458,15,125.0,172.0,195.0,266.0
