sop,inst,x_min,y_min,x_max,y_max
1.3.6.1.4.1.14519.5.2.1.6655.2359.320489939138129787143139427394,19,176.0,253.0,201.0,280.0
1.3.6.1.4.1.14519.5.2.1.6655.2359.939693756394960691174469988318,20,178.0,242.0,203.0,278.0
1.3.6.1.4.1.14519.5.2.1.6655.2359.131687836541913781763770268162,21,178.0,243.0,207.0,274.0
