sop,inst,x_min,y_min,x_max,y_max
1.3.6.1.4.1.14519.5.2.1.6655.2359.177435203191152938527546882805,6,179.0,313.0,198.0,345.0
1.3.6.1.4.1.14519.5.2.1.6655.2359.725102285436493893778298198345,7,159.0,314.0,199.0,360.0
1.3.6.1.4.1.14519.5.2.1.6655.2359.258643962991976937920275339116,8,163.0,312.0,202.0,348.0
