sop,inst,x_min,y_min,x_max,y_max
1.3.6.1.4.1.14519.5.2.1.6655.2359.175262386300648999894971818875,10,176.0,319.0,201.0,346.0
1.3.6.1.4.1.14519.5.2.1.6655.2359.221091402517316705513438133510,11,173.0,318.0,204.0,353.0
1.3.6.1.4.1.14519.5.2.1.6655.2359.233708611018148453758216135774,12,163.0,315.0,199.0,364.0
1.3.6.1.4.1.14519.5.2.1.6655.2359.147642826851014962281389105221,13,155.0,310.0,202.0,373.0
1.3.6.1.4.1.14519.5.2.1.6655.2359.239528246602821875935334201987,14,154.0,303.0,199.0,365.0
1.3.6.1.4.1.14519.5.2.1.6655.2359.830796695501403658478930670824,15,149.0,305.0,202.0,362.0
1.3.6.1.4.1.14519.5.2.1.6655.2359.165420067794224566242344003423,16,163.0,315.0,196.0,360.0
