sop,inst,x_min,y_min,x_max,y_max
1.3.6.1.4.1.14519.5.2.1.6655.2359.290314880715721824510480073276,10,318.0,232.0,346.0,269.0
1.3.6.1.4.1.14519.5.2.1.6655.2359.147888449727978444341833143919,11,307.0,230.0,347.0,268.0
1.3.6.1.4.1.14519.5.2.1.6655.2359.120194877120609127140841161656,12,315.0,226.0,359.0,274.0
