sop,inst,x_min,y_min,x_max,y_max
1.3.6.1.4.1.14519.5.2.1.6655.2359.138187118660519330314350746327,13,157.0,255.0,211.0,299.0
1.3.6.1.4.1.14519.5.2.1.6655.2359.577356976116602440276790935877,14,163.0,248.0,213.0,304.0
1.3.6.1.4.1.14519.5.2.1.6655.2359.715469272043250952651317457637,16,165.0,242.0,209.0,298.0
1.3.6.1.4.1.14519.5.2.1.6655.2359.319106950451670722115319458649,17,175.0,243.0,208.0,292.0
1.3.6.1.4.1.14519.5.2.1.6655.2359.304921613279377043163037649891,24,184.0,214.0,216.0,254.0
1.3.6.1.4.1.14519.5.2.1.6655.2359.228046385719236882956563660038,25,187.0,215.0,221.0,250.0
1.3.6.1.4.1.14519.5.2.1.6655.2359.242530738201634187228442604822,26,194.0,218.0,220.0,251.0
