sop,inst,x_min,y_min,x_max,y_max
1.3.6.1.4.1.14519.5.2.1.6655.2359.215266833601189314649411236436,13,167.0,251.0,202.0,288.0
1.3.6.1.4.1.14519.5.2.1.6655.2359.278258967615205562988004474671,14,166.0,237.0,207.0,295.0
1.3.6.1.4.1.14519.5.2.1.6655.2359.832924038626944553704207057619,15,163.0,237.0,208.0,301.0
1.3.6.1.4.1.14519.5.2.1.6655.2359.279209523026055539367777250279,16,166.0,236.0,208.0,299.0
1.3.6.1.4.1.14519.5.2.1.6655.2359.141838814848447064120060796914,17,176.0,245.0,210.0,288.0
1.3.6.1.4.1.14519.5.2.1.6655.2359.261560751521461916995939883395,25,194.0,212.0,218.0,243.0
1.3.6.1.4.1.14519.5.2.1.6655.2359.328969161918211718692097141841,26,192.0,208.0,224.0,246.0
1.3.6.1.4.1.14519.5.2.1.6655.2359.267709890783256665498576546199,27,204.0,215.0,220.0,241.0
