sop,inst,x_min,y_min,x_max,y_max
1.3.6.1.4.1.14519.5.2.1.6655.2359.766761162613466732996142120128,13,166.0,253.0,197.0,289.0
1.3.6.1.4.1.14519.5.2.1.6655.2359.273946031184649597395510664705,14,160.0,251.0,208.0,303.0
1.3.6.1.4.1.14519.5.2.1.6655.2359.220094594919819965766281187288,16,164.0,240.0,208.0,298.0
1.3.6.1.4.1.14519.5.2.1.6655.2359.610916742668683034984034137808,17,170.0,248.0,207.0,292.0
1.3.6.1.4.1.14519.5.2.1.6655.2359.167485505930879239409925119971,24,194.0,216.0,215.0,247.0
1.3.6.1.4.1.14519.5.2.1.6655.2359.225984330892379734772743702038,25,191.0,216.0,217.0,251.0
1.3.6.1.4.1.14519.5.2.1.6655.2359.157523441773941240513663849393,26,199.0,221.0,216.0,248.0
