sop,inst,x_min,y_min,x_max,y_max
1.3.6.1.4.1.14519.5.2.1.6655.2359.173449310598687100821553560050,11,171.0,256.0,228.0,340.0
1.3.6.1.4.1.14519.5.2.1.6655.2359.283973423081271103138030557675,12,164.0,259.0,227.0,342.0
1.3.6.1.4.1.14519.5.2.1.6655.2359.251378513351041839010603349037,13,167.0,263.0,231.0,341.0
1.3.6.1.4.1.14519.5.2.1.6655.2359.494618634856766789445105008565,14,122.0,244.0,233.0,323.0
1.3.6.1.4.1.14519.5.2.1.6655.2359.124409970701988247716822562307,15,111.0,251.0,225.0,330.0
1.3.6.1.4.1.14519.5.2.1.6655.2359.243795146036417429925421290577,16,109.0,254.0,229.0,337.0
1.3.6.1.4.1.14519.5.2.1.6655.2359.430336102867606795061526218780,17,125.0,267.0,216.0,343.0
1.3.6.1.4.1.14519.5.2.1.6655.2359.135914779559092190797399252795,18,143.0,275.0,207.0,338.0
