sop,inst,x_min,y_min,x_max,y_max
1.3.6.1.4.1.14519.5.2.1.6655.2359.219371572842492973114415562572,37,287.0,207.0,324.0,246.0
1.3.6.1.4.1.14519.5.2.1.6655.2359.137973241967448302392443773132,38,285.0,212.0,318.0,246.0
1.3.6.1.4.1.14519.5.2.1.6655.2359.198263757393651137554401577511,39,283.0,210.0,318.0,246.0
1.3.6.1.4.1.14519.5.2.1.6655.2359.284500718432983829651384285225,40,287.0,216.0,326.0,250.0
1.3.6.1.4.1.14519.5.2.1.6655.2359.116069070747593283592348430406,41,287.0,216.0,322.0,250.0
1.3.6.1.4.1.14519.5.2.1.6655.2359.301743294940926867708985749462,42,287.0,213.0,323.0,251.0
1.3.6.1.4.1.14519.5.2.1.6655.2359.224440604851036038352487086291,43,285.0,205.0,317.0,251.0
1.3.6.1.4.1.14519.5.2.1.6655.2359.328238425507964016792777570824,44,290.0,211.0,319.0,256.0
1.3.6.1.4.1.14519.5.2.1.6655.2359.273607026146884612192932750920,45,285.0,212.0,319.0,257.0
