sop,inst,x_min,y_min,x_max,y_max
1.3.6.1.4.1.14519.5.2.1.6655.2359.225391113549292292388216443166,26,182.0,223.0,251.0,313.0
1.3.6.1.4.1.14519.5.2.1.6655.2359.151714809769424050738135064675,27,180.0,221.0,250.0,318.0
1.3.6.1.4.1.14519.5.2.1.6655.2359.982753558582965396404679262705,28,176.0,217.0,252.0,322.0
1.3.6.1.4.1.14519.5.2.1.6655.2359.300410318658703636109737580911,29,175.0,209.0,245.0,315.0
1.3.6.1.4.1.14519.5.2.1.6655.2359.250157524168081247720689697171,30,165.0,217.0,245.0,319.0
1.3.6.1.4.1.14519.5.2.1.6655.2359.321591002090153370744964476602,31,173.0,221.0,236.0,307.0
