sop,inst,x_min,y_min,x_max,y_max
1.3.6.1.4.1.14519.5.2.1.6655.2359.137891137318009119388979295700,40,282.0,254.0,301.0,285.0
1.3.6.1.4.1.14519.5.2.1.6655.2359.162215374278965937430894636115,41,282.0,244.0,305.0,283.0
1.3.6.1.4.1.14519.5.2.1.6655.2359.311923134218013097087840532093,42,286.0,254.0,310.0,276.0
