sop,inst,x_min,y_min,x_max,y_max
1.3.6.1.4.1.14519.5.2.1.6655.2359.165307984328920264756240444553,21,334.0,202.0,374.0,268.0
1.3.6.1.4.1.14519.5.2.1.6655.2359.318079628750813188615371849702,22,336.0,186.0,381.0,278.0
1.3.6.1.4.1.14519.5.2.1.6655.2359.112981632192648413590000553147,23,333.0,181.0,395.0,274.0
1.3.6.1.4.1.14519.5.2.1.6655.2359.150872000399921276355368913263,24,334.0,150.0,395.0,268.0
1.3.6.1.4.1.14519.5.2.1.6655.2359.756228631349435267616122525481,25,343.0,173.0,392.0,270.0
1.3.6.1.4.1.14519.5.2.1.6655.2359.329871487201801961278484066090,26,346.0,181.0,395.0,274.0
1.3.6.1.4.1.14519.5.2.1.6655.2359.131156919000441291824802864297,27,343.0,208.0,389.0,270.0
1.3.6.1.4.1.14519.5.2.1.6655.2359.149938750763189819364113158322,28,346.0,224.0,382.0,261.0
