sop,inst,x_min,y_min,x_max,y_max
1.3.6.1.4.1.14519.5.2.1.6655.2359.155039020637927121456106175698,20,137.0,212.0,184.0,268.0
1.3.6.1.4.1.14519.5.2.1.6655.2359.924411434721333980320292297811,21,139.0,213.0,189.0,288.0
1.3.6.1.4.1.14519.5.2.1.6655.2359.269611719230830305100110082651,22,127.0,207.0,189.0,289.0
1.3.6.1.4.1.14519.5.2.1.6655.2359.512080823913356227709889229136,23,116.0,214.0,187.0,301.0
1.3.6.1.4.1.14519.5.2.1.6655.2359.263005422273500437015814873080,24,126.0,226.0,190.0,291.0
1.3.6.1.4.1.14519.5.2.1.6655.2359.112254728605478366200482101324,25,133.0,229.0,187.0,294.0
1.3.6.1.4.1.14519.5.2.1.6655.2359.143103382837600767420566293283,26,143.0,236.0,195.0,282.0
