sop,inst,x_min,y_min,x_max,y_max
1.3.6.1.4.1.14519.5.2.1.6655.2359.200964933229773819858342958376,5,373.0,217.0,408.0,263.0
1.3.6.1.4.1.14519.5.2.1.6655.2359.501209173867868363642643334599,6,366.0,204.0,408.0,269.0
