sop,inst,x_min,y_min,x_max,y_max
1.3.6.1.4.1.14519.5.2.1.6655.2359.177608941172493147529165649603,5,369.0,198.0,408.0,250.0
1.3.6.1.4.1.14519.5.2.1.6655.2359.209544192365977297626495875027,6,367.0,200.0,407.0,253.0
1.3.6.1.4.1.14519.5.2.1.6655.2359.828491071277774058240885547544,7,356.0,188.0,410.0,251.0
1.3.6.1.4.1.14519.5.2.1.6655.2359.923257126286353980863914905031,8,367.0,190.0,410.0,245.0
1.3.6.1.4.1.14519.5.2.1.6655.2359.184801887719863712110794685977,9,363.0,192.0,407.0,250.0
