sop,inst,x_min,y_min,x_max,y_max
1.3.6.1.4.1.14519.5.2.1.6655.2359.164507479611868335692777018999,5,375.0,223.0,412.0,265.0
