sop,inst,x_min,y_min,x_max,y_max
1.3.6.1.4.1.14519.5.2.1.6655.2359.455932811749141633328008045095,32,325.0,277.0,364.0,327.0
1.3.6.1.4.1.14519.5.2.1.6655.2359.119152557920626484362399900800,33,325.0,277.0,374.0,325.0
1.3.6.1.4.1.14519.5.2.1.6655.2359.742259447666676914925338802930,34,321.0,277.0,387.0,333.0
1.3.6.1.4.1.14519.5.2.1.6655.2359.113923527784656794467137987192,35,322.0,278.0,389.0,333.0
1.3.6.1.4.1.14519.5.2.1.6655.2359.252152090096114917358233730135,36,322.0,283.0,381.0,338.0
