sop,inst,x_min,y_min,x_max,y_max
1.3.6.1.4.1.14519.5.2.1.6655.2359.651276893220810046242075701247,4,226.0,178.0,264.0,242.0
1.3.6.1.4.1.14519.5.2.1.6655.2359.283746333162991606051676891206,5,207.0,175.0,276.0,258.0
