sop,inst,x_min,y_min,x_max,y_max
1.3.6.1.4.1.14519.5.2.1.6655.2359.203966199619269729583363128558,11,139.0,248.0,184.0,283.0
1.3.6.1.4.1.14519.5.2.1.6655.2359.215894258306786405439960566470,12,131.0,242.0,189.0,307.0
1.3.6.1.4.1.14519.5.2.1.6655.2359.295288993681591269066884104027,13,124.0,244.0,177.0,300.0
1.3.6.1.4.1.14519.5.2.1.6655.2359.193768579402827993174316929783,14,114.0,227.0,189.0,315.0
1.3.6.1.4.1.14519.5.2.1.6655.2359.997305811272379168810465529216,15,107.0,230.0,191.0,314.0
1.3.6.1.4.1.14519.5.2.1.6655.2359.109638745658755100941697729842,16,105.0,233.0,189.0,304.0
1.3.6.1.4.1.14519.5.2.1.6655.2359.315398600003745509572066149267,17,89.0,228.0,192.0,315.0
1.3.6.1.4.1.14519.5.2.1.6655.2359.279883126519846428869126006785,18,92.0,230.0,190.0,298.0
