sop,inst,x_min,y_min,x_max,y_max
1.3.6.1.4.1.14519.5.2.1.6655.2359.244345612433944064086078046307,7,130.0,246.0,180.0,299.0
1.3.6.1.4.1.14519.5.2.1.6655.2359.326647369691522432851547855624,8,115.0,235.0,183.0,305.0
1.3.6.1.4.1.14519.5.2.1.6655.2359.230961412984128714887410877320,9,112.0,230.0,185.0,305.0
1.3.6.1.4.1.14519.5.2.1.6655.2359.723476805317783791555546197265,10,92.0,236.0,189.0,300.0
