sop,inst,x_min,y_min,x_max,y_max
1.3.6.1.4.1.14519.5.2.1.6655.2359.307292529495606729986357294577,7,149.0,264.0,206.0,331.0
1.3.6.1.4.1.14519.5.2.1.6655.2359.958579280307026081758990313796,8,140.0,266.0,208.0,328.0
1.3.6.1.4.1.14519.5.2.1.6655.2359.323666824347307757006093005577,9,130.0,263.0,219.0,338.0
1.3.6.1.4.1.14519.5.2.1.6655.2359.163733134957960602148522689114,10,126.0,258.0,230.0,347.0
1.3.6.1.4.1.14519.5.2.1.6655.2359.306438513112555611419587309214,11,132.0,261.0,218.0,339.0
1.3.6.1.4.1.14519.5.2.1.6655.2359.259793951912986618969090636324,12,138.0,270.0,220.0,335.0
1.3.6.1.4.1.14519.5.2.1.6655.2359.230935997537483830355592127509,13,133.0,272.0,217.0,342.0
