sop,inst,x_min,y_min,x_max,y_max
1.3.6.1.4.1.14519.5.2.1.6655.2359.204314273649824955888208410990,9,282.0,306.0,324.0,343.0
1.3.6.1.4.1.14519.5.2.1.6655.2359.188444273740229063172174797452,10,288.0,300.0,322.0,349.0
1.3.6.1.4.1.14519.5.2.1.6655.2359.176702998430629466211027747274,11,284.0,293.0,326.0,356.0
1.3.6.1.4.1.14519.5.2.1.6655.2359.383282466878365452143701633816,12,286.0,300.0,328.0,360.0
1.3.6.1.4.1.14519.5.2.1.6655.2359.230319592850439355185999142461,13,291.0,300.0,333.0,346.0
