sop,inst,x_min,y_min,x_max,y_max
1.3.6.1.4.1.14519.5.2.1.6655.2359.164179833578165164999849012607,6,269.0,304.0,319.0,366.0
1.3.6.1.4.1.14519.5.2.1.6655.2359.309091597240512302579431151616,7,268.0,295.0,318.0,364.0
1.3.6.1.4.1.14519.5.2.1.6655.2359.231514866684508796803225182476,8,293.0,294.0,324.0,339.0
1.3.6.1.4.1.14519.5.2.1.6655.2359.933461517340338234202005432296,9,294.0,285.0,328.0,339.0
1.3.6.1.4.1.14519.5.2.1.6655.2359.252782221291314207754937443331,10,300.0,277.0,326.0,341.0
