sop,inst,x_min,y_min,x_max,y_max
1.3.6.1.4.1.14519.5.2.1.6655.2359.313431011069379823841145461710,5,280.0,301.0,322.0,345.0
1.3.6.1.4.1.14519.5.2.1.6655.2359.271322607350795746047416350038,6,281.0,297.0,326.0,365.0
1.3.6.1.4.1.14519.5.2.1.6655.2359.648776086785735036069100385291,7,302.0,290.0,337.0,358.0
1.3.6.1.4.1.14519.5.2.1.6655.2359.207751527761893175403316600142,8,301.0,291.0,339.0,339.0
1.3.6.1.4.1.14519.5.2.1.6655.2359.196541789155392416930795961880,9,308.0,273.0,337.0,338.0
