sop,inst,x_min,y_min,x_max,y_max
1.3.6.1.4.1.14519.5.2.1.6655.2359.212908388742350137938639321197,4,343.0,208.0,360.0,226.0
1.3.6.1.4.1.14519.5.2.1.6655.2359.698488341808929569564531092597,5,323.0,194.0,365.0,238.0
1.3.6.1.4.1.14519.5.2.1.6655.2359.183310960467928467064596227635,6,315.0,180.0,370.0,243.0
1.3.6.1.4.1.14519.5.2.1.6655.2359.111818672829347912325417989727,7,319.0,173.0,369.0,248.0
1.3.6.1.4.1.14519.5.2.1.6655.2359.250622724436304611905773272812,8,318.0,177.0,373.0,255.0
1.3.6.1.4.1.14519.5.2.1.6655.2359.208995282959800415052077592140,9,313.0,172.0,367.0,244.0
