sop,inst,x_min,y_min,x_max,y_max
1.3.6.1.4.1.14519.5.2.1.6655.2359.201591036954896058191851887909,4,351.0,200.0,380.0,238.0
1.3.6.1.4.1.14519.5.2.1.6655.2359.143373258058685662347728727085,5,343.0,191.0,389.0,239.0
1.3.6.1.4.1.14519.5.2.1.6655.2359.176241228117691790489885031505,6,331.0,176.0,388.0,252.0
1.3.6.1.4.1.14519.5.2.1.6655.2359.955839607732355424521431766935,7,332.0,177.0,399.0,246.0
1.3.6.1.4.1.14519.5.2.1.6655.2359.151598703878025084255537442696,8,333.0,169.0,392.0,245.0
1.3.6.1.4.1.14519.5.2.1.6655.2359.809694775132067189598827385489,9,339.0,171.0,389.0,246.0
1.3.6.1.4.1.14519.5.2.1.6655.2359.554822880563790685543125681180,10,345.0,177.0,387.0,231.0
