sop,inst,x_min,y_min,x_max,y_max
1.3.6.1.4.1.14519.5.2.1.6655.2359.198502492539107822117755504314,26,181.0,211.0,246.0,318.0
1.3.6.1.4.1.14519.5.2.1.6655.2359.274222610876503521635843960128,27,178.0,218.0,248.0,317.0
1.3.6.1.4.1.14519.5.2.1.6655.2359.263410063845073144062077981001,28,175.0,219.0,252.0,324.0
1.3.6.1.4.1.14519.5.2.1.6655.2359.228447128949292552614966298714,29,159.0,224.0,248.0,315.0
1.3.6.1.4.1.14519.5.2.1.6655.2359.169469228108191673289283750068,30,173.0,224.0,245.0,320.0
1.3.6.1.4.1.14519.5.2.1.6655.2359.344299109216535034382189204800,31,172.0,214.0,249.0,327.0
1.3.6.1.4.1.14519.5.2.1.6655.2359.154665901944977152406744281216,32,174.0,237.0,242.0,320.0
