sop,inst,x_min,y_min,x_max,y_max
1.3.6.1.4.1.14519.5.2.1.6655.2359.157588212765689012894139801979,27,104.0,266.0,128.0,293.0
1.3.6.1.4.1.14519.5.2.1.6655.2359.171814067158899309133808178226,28,97.0,259.0,137.0,300.0
1.3.6.1.4.1.14519.5.2.1.6655.2359.298327450961196722582629418177,29,92.0,263.0,130.0,304.0
