sop,inst,x_min,y_min,x_max,y_max
1.3.6.1.4.1.14519.5.2.1.6655.2359.355229837813232084473286487495,27,100.0,268.0,137.0,302.0
1.3.6.1.4.1.14519.5.2.1.6655.2359.200625302654037475993801056648,28,98.0,263.0,149.0,308.0
1.3.6.1.4.1.14519.5.2.1.6655.2359.309068668252047737392763063423,29,95.0,261.0,142.0,303.0
