sop,inst,x_min,y_min,x_max,y_max
1.3.6.1.4.1.14519.5.2.1.6655.2359.680550421905705830892338446359,7,278.0,214.0,312.0,268.0
1.3.6.1.4.1.14519.5.2.1.6655.2359.376790036270911416355786413088,8,281.0,222.0,323.0,275.0
1.3.6.1.4.1.14519.5.2.1.6655.2359.948487876727596162886570781284,9,287.0,241.0,313.0,292.0
