sop,inst,x_min,y_min,x_max,y_max
1.3.6.1.4.1.14519.5.2.1.6655.2359.535034913825300677595461446194,12,288.0,218.0,321.0,271.0
1.3.6.1.4.1.14519.5.2.1.6655.2359.200006854481273227341594687291,13,270.0,200.0,320.0,274.0
1.3.6.1.4.1.14519.5.2.1.6655.2359.557079507383571805888751575748,14,278.0,206.0,317.0,272.0
1.3.6.1.4.1.14519.5.2.1.6655.2359.310137120862591149680849639176,15,280.0,216.0,319.0,274.0
1.3.6.1.4.1.14519.5.2.1.6655.2359.891637624464708754580851197120,16,290.0,215.0,316.0,274.0
1.3.6.1.4.1.14519.5.2.1.6655.2359.304209975575917853750959998249,17,292.0,233.0,318.0,280.0
1.3.6.1.4.1.14519.5.2.1.6655.2359.464751005594952755406066124811,18,292.0,230.0,323.0,303.0
1.3.6.1.4.1.14519.5.2.1.6655.2359.964155212121385905535269675176,19,299.0,245.0,320.0,303.0
