sop,inst,x_min,y_min,x_max,y_max
1.3.6.1.4.1.14519.5.2.1.6655.2359.137294988343229810289588477899,23,415.0,295.0,443.0,324.0
1.3.6.1.4.1.14519.5.2.1.6655.2359.216093994746376750767000059395,24,420.0,296.0,443.0,326.0
