sop,inst,x_min,y_min,x_max,y_max
1.3.6.1.4.1.14519.5.2.1.6655.2359.398704274046432086979701406203,24,125.0,209.0,157.0,237.0
1.3.6.1.4.1.14519.5.2.1.6655.2359.291203748529768830020393990623,25,124.0,206.0,169.0,248.0
1.3.6.1.4.1.14519.5.2.1.6655.2359.303686403271484364176656721950,26,118.0,200.0,151.0,240.0
