sop,inst,x_min,y_min,x_max,y_max
1.3.6.1.4.1.14519.5.2.1.6655.2359.248335654698563318420268116559,11,170.0,271.0,247.0,420.0
1.3.6.1.4.1.14519.5.2.1.6655.2359.253136605848004030192800521780,12,182.0,276.0,247.0,409.0
1.3.6.1.4.1.14519.5.2.1.6655.2359.503314267186529856630082766660,13,160.0,270.0,251.0,422.0
1.3.6.1.4.1.14519.5.2.1.6655.2359.777756496758254935191840094232,14,160.0,288.0,255.0,432.0
1.3.6.1.4.1.14519.5.2.1.6655.2359.242294790668682052980450198124,15,150.0,278.0,236.0,423.0
1.3.6.1.4.1.14519.5.2.1.6655.2359.831439137071116971303490876319,16,165.0,295.0,260.0,415.0
1.3.6.1.4.1.14519.5.2.1.6655.2359.144996033122043521477097149884,17,161.0,300.0,232.0,408.0
1.3.6.1.4.1.14519.5.2.1.6655.2359.483208985791835929016578351660,18,167.0,314.0,228.0,400.0
