sop,inst,x_min,y_min,x_max,y_max
1.3.6.1.4.1.14519.5.2.1.6655.2359.102189699224485195555194684398,37,157.0,177.0,194.0,224.0
1.3.6.1.4.1.14519.5.2.1.6655.2359.183131331966629754120332837136,38,156.0,180.0,195.0,223.0
1.3.6.1.4.1.14519.5.2.1.6655.2359.216148230933903101613280047451,39,153.0,174.0,198.0,220.0
1.3.6.1.4.1.14519.5.2.1.6655.2359.153561271428124958591370088793,40,162.0,166.0,219.0,214.0
1.3.6.1.4.1.14519.5.2.1.6655.2359.215023602284495568964516088620,41,162.0,166.0,196.0,206.0
