sop,inst,x_min,y_min,x_max,y_max
1.3.6.1.4.1.14519.5.2.1.6655.2359.170898614738765077872758734892,37,161.0,174.0,201.0,230.0
1.3.6.1.4.1.14519.5.2.1.6655.2359.235042230787352332113448466257,38,156.0,178.0,195.0,230.0
1.3.6.1.4.1.14519.5.2.1.6655.2359.222909127958446695595139457170,39,164.0,182.0,210.0,212.0
1.3.6.1.4.1.14519.5.2.1.6655.2359.279211787115325491242689610313,40,172.0,175.0,205.0,212.0
