sop,inst,x_min,y_min,x_max,y_max
1.3.6.1.4.1.14519.5.2.1.6655.2359.164704676306238451734742280420,17,137.0,251.0,225.0,324.0
1.3.6.1.4.1.14519.5.2.1.6655.2359.300449703605896697104494019387,18,136.0,263.0,237.0,341.0
1.3.6.1.4.1.14519.5.2.1.6655.2359.214091563361528657464311293320,19,137.0,265.0,224.0,334.0
1.3.6.1.4.1.14519.5.2.1.6655.2359.233248333348145627864059303411,20,124.0,256.0,222.0,339.0
1.3.6.1.4.1.14519.5.2.1.6655.2359.434416773115646381882066435068,21,125.0,257.0,229.0,332.0
1.3.6.1.4.1.14519.5.2.1.6655.2359.289226149687291602610543669361,22,121.0,258.0,222.0,333.0
1.3.6.1.4.1.14519.5.2.1.6655.2359.600394234997733137819853144979,23,125.0,250.0,225.0,330.0
1.3.6.1.4.1.14519.5.2.1.6655.2359.640917603426944236274958996915,24,128.0,250.0,205.0,326.0
