sop,inst,x_min,y_min,x_max,y_max
1.3.6.1.4.1.14519.5.2.1.6655.2359.586479163318726954528719573683,7,174.0,246.0,201.0,282.0
1.3.6.1.4.1.14519.5.2.1.6655.2359.676921538742815748982056047052,8,181.0,252.0,201.0,280.0
1.3.6.1.4.1.14519.5.2.1.6655.2359.220939867436430613183327959904,9,179.0,249.0,202.0,274.0
