sop,inst,x_min,y_min,x_max,y_max
1.3.6.1.4.1.14519.5.2.1.6655.2359.261032954990779043994751512497,7,168.0,241.0,199.0,280.0
1.3.6.1.4.1.14519.5.2.1.6655.2359.146751674748076644116565965907,8,173.0,243.0,207.0,278.0
