sop,inst,x_min,y_min,x_max,y_max
1.3.6.1.4.1.14519.5.2.1.6655.2359.144449773795960491899888672837,26,178.0,250.0,216.0,359.0
1.3.6.1.4.1.14519.5.2.1.6655.2359.970079355881056162225803816375,27,178.0,243.0,215.0,361.0
1.3.6.1.4.1.14519.5.2.1.6655.2359.270526009625069330766562366649,28,175.0,249.0,217.0,350.0
1.3.6.1.4.1.14519.5.2.1.6655.2359.249091914834255282485026792481,29,175.0,236.0,211.0,343.0
1.3.6.1.4.1.14519.5.2.1.6655.2359.546728696938220073482008988514,30,170.0,230.0,222.0,322.0
1.3.6.1.4.1.14519.5.2.1.6655.2359.135574249947801668198032671323,31,168.0,233.0,223.0,316.0
1.3.6.1.4.1.14519.5.2.1.6655.2359.260490987653595163593514519187,32,158.0,268.0,222.0,312.0
1.3.6.1.4.1.14519.5.2.1.6655.2359.275501145683094410624473091431,33,156.0,273.0,204.0,323.0
