sop,inst,x_min,y_min,x_max,y_max
1.3.6.1.4.1.14519.5.2.1.6655.2359.238757544902561383860828211351,13,166.0,236.0,219.0,312.0
1.3.6.1.4.1.14519.5.2.1.6655.2359.188740354574761032940579785448,14,163.0,226.0,215.0,307.0
1.3.6.1.4.1.14519.5.2.1.6655.2359.415200669238748948065584116082,15,161.0,218.0,219.0,311.0
1.3.6.1.4.1.14519.5.2.1.6655.2359.272086453502518388352644904349,16,148.0,256.0,198.0,302.0
