sop,inst,x_min,y_min,x_max,y_max
1.3.6.1.4.1.14519.5.2.1.6655.2359.325739531219986914548424265629,27,182.0,249.0,217.0,335.0
1.3.6.1.4.1.14519.5.2.1.6655.2359.283326255270689599562775735122,28,178.0,242.0,219.0,324.0
1.3.6.1.4.1.14519.5.2.1.6655.2359.836593146696769807688528176252,29,174.0,245.0,222.0,326.0
1.3.6.1.4.1.14519.5.2.1.6655.2359.227877997694664600618489874828,30,169.0,233.0,222.0,320.0
1.3.6.1.4.1.14519.5.2.1.6655.2359.191219972213993300174991648818,31,169.0,224.0,222.0,315.0
