sop,inst,x_min,y_min,x_max,y_max
1.3.6.1.4.1.14519.5.2.1.6655.2359.288903331087043835439555829537,10,314.0,229.0,353.0,274.0
1.3.6.1.4.1.14519.5.2.1.6655.2359.246684034035815491773090389149,11,304.0,227.0,349.0,270.0
1.3.6.1.4.1.14519.5.2.1.6655.2359.842108762643851939859153890787,12,313.0,223.0,342.0,270.0
