sop,inst,x_min,y_min,x_max,y_max
1.3.6.1.4.1.14519.5.2.1.6655.2359.150872509405239092263238019687,14,154.0,282.0,185.0,315.0
1.3.6.1.4.1.14519.5.2.1.6655.2359.997964983082959831123840688426,15,148.0,280.0,188.0,321.0
1.3.6.1.4.1.14519.5.2.1.6655.2359.718652659336714680860203176618,16,157.0,271.0,195.0,321.0
1.3.6.1.4.1.14519.5.2.1.6655.2359.221484958906611804275462250896,17,157.0,281.0,195.0,330.0
