sop,inst,x_min,y_min,x_max,y_max
1.3.6.1.4.1.14519.5.2.1.6655.2359.216021370811021081533761714127,13,151.0,279.0,184.0,323.0
1.3.6.1.4.1.14519.5.2.1.6655.2359.130998840286564636225138671888,14,147.0,275.0,191.0,329.0
1.3.6.1.4.1.14519.5.2.1.6655.2359.258932624649039084926315608938,15,140.0,269.0,185.0,315.0
1.3.6.1.4.1.14519.5.2.1.6655.2359.268551308319037715294559922754,16,154.0,271.0,195.0,319.0
1.3.6.1.4.1.14519.5.2.1.6655.2359.277620078071519806988437580048,17,157.0,282.0,197.0,327.0
1.3.6.1.4.1.14519.5.2.1.6655.2359.150720146273946356684883656888,18,165.0,274.0,200.0,320.0
