sop,inst,x_min,y_min,x_max,y_max
1.3.6.1.4.1.14519.5.2.1.6655.2359.332055506588966330915945605947,4,199.0,251.0,219.0,276.0
1.3.6.1.4.1.14519.5.2.1.6655.2359.305376915574510146553676776782,5,202.0,245.0,223.0,281.0
1.3.6.1.4.1.14519.5.2.1.6655.2359.303332107724284452366957542389,6,191.0,242.0,230.0,282.0
1.3.6.1.4.1.14519.5.2.1.6655.2359.454027018602271811891513649225,7,192.0,238.0,222.0,279.0
1.3.6.1.4.1.14519.5.2.1.6655.2359.237975446470128568312808904200,8,199.0,248.0,223.0,281.0
