sop,inst,x_min,y_min,x_max,y_max
1.3.6.1.4.1.14519.5.2.1.6655.2359.241280142242576816878889138477,2,285.0,239.0,360.0,323.0
1.3.6.1.4.1.14519.5.2.1.6655.2359.334158977449716072804053852899,3,275.0,231.0,360.0,321.0
1.3.6.1.4.1.14519.5.2.1.6655.2359.220460258646839740195366492311,4,272.0,213.0,382.0,327.0
1.3.6.1.4.1.14519.5.2.1.6655.2359.273907451092593280651105898512,5,275.0,221.0,381.0,317.0
1.3.6.1.4.1.14519.5.2.1.6655.2359.160817012157885444120531024494,6,287.0,210.0,361.0,315.0
1.3.6.1.4.1.14519.5.2.1.6655.2359.296530300696744454716901403477,7,294.0,231.0,343.0,289.0
