sop,inst,x_min,y_min,x_max,y_max
1.3.6.1.4.1.14519.5.2.1.6655.2359.576216343751999671945911053234,37,279.0,304.0,294.0,324.0
1.3.6.1.4.1.14519.5.2.1.6655.2359.218029677800062938879421212383,38,281.0,302.0,292.0,323.0
1.3.6.1.4.1.14519.5.2.1.6655.2359.135688204500661558565306389259,39,280.0,303.0,290.0,317.0
