sop,inst,x_min,y_min,x_max,y_max
1.3.6.1.4.1.14519.5.2.1.6655.2359.265622392554211737148878728596,18,105.0,269.0,148.0,299.0
1.3.6.1.4.1.14519.5.2.1.6655.2359.384911680533985460835641914710,19,107.0,262.0,155.0,324.0
1.3.6.1.4.1.14519.5.2.1.6655.2359.816659458775272050650270803888,20,104.0,252.0,159.0,318.0
1.3.6.1.4.1.14519.5.2.1.6655.2359.159827608825262545864191713159,21,105.0,244.0,152.0,300.0
