sop,inst,x_min,y_min,x_max,y_max
1.3.6.1.4.1.14519.5.2.1.6655.2359.104845572852817237902898758096,16,123.0,263.0,162.0,318.0
1.3.6.1.4.1.14519.5.2.1.6655.2359.961381637488177602020541213208,17,119.0,250.0,174.0,318.0
1.3.6.1.4.1.14519.5.2.1.6655.2359.994878810139635014193557958007,18,117.0,246.0,169.0,296.0
1.3.6.1.4.1.14519.5.2.1.6655.2359.980099156401845628035483076358,58,127.0,264.0,165.0,325.0
1.3.6.1.4.1.14519.5.2.1.6655.2359.500283826843082067837087876591,59,124.0,257.0,176.0,330.0
1.3.6.1.4.1.14519.5.2.1.6655.2359.176646820702063761736799506109,60,116.0,245.0,171.0,306.0
1.3.6.1.4.1.14519.5.2.1.6655.2359.361914873764698921367171831622,61,116.0,252.0,173.0,300.0
1.3.6.1.4.1.14519.5.2.1.6655.2359.105073351965995374180477119675,98,108.0,268.0,145.0,306.0
1.3.6.1.4.1.14519.5.2.1.6655.2359.150980750888428617106921509674,99,114.0,268.0,158.0,326.0
