sop,inst,x_min,y_min,x_max,y_max
1.3.6.1.4.1.14519.5.2.1.6655.2359.198532197479064567154080536456,12,330.0,296.0,358.0,321.0
1.3.6.1.4.1.14519.5.2.1.6655.2359.988382033421406603182305934627,13,323.0,292.0,356.0,329.0
1.3.6.1.4.1.14519.5.2.1.6655.2359.117187699628985375611671464499,14,310.0,289.0,358.0,329.0
1.3.6.1.4.1.14519.5.2.1.6655.2359.498651094712978260450941453549,15,313.0,293.0,357.0,329.0
1.3.6.1.4.1.14519.5.2.1.6655.2359.167066911672783023007083041611,16,312.0,291.0,345.0,330.0
1.3.6.1.4.1.14519.5.2.1.6655.2359.304396087994260648536456219637,17,314.0,295.0,348.0,331.0
