sop,inst,x_min,y_min,x_max,y_max
1.3.6.1.4.1.14519.5.2.1.6655.2359.197542350846999380871775938974,18,151.0,213.0,213.0,298.0
1.3.6.1.4.1.14519.5.2.1.6655.2359.263827549342924190929476204878,19,151.0,209.0,204.0,286.0
1.3.6.1.4.1.14519.5.2.1.6655.2359.950064443978481423997280060714,20,140.0,208.0,210.0,290.0
1.3.6.1.4.1.14519.5.2.1.6655.2359.158122974677892150821074877229,21,139.0,215.0,202.0,287.0
1.3.6.1.4.1.14519.5.2.1.6655.2359.231696317717761373706772035945,22,152.0,225.0,203.0,297.0
