sop,inst,x_min,y_min,x_max,y_max
1.3.6.1.4.1.14519.5.2.1.6655.2359.179177112416309947224544095936,18,153.0,204.0,217.0,291.0
1.3.6.1.4.1.14519.5.2.1.6655.2359.182625696640589855395984990013,19,142.0,207.0,206.0,286.0
1.3.6.1.4.1.14519.5.2.1.6655.2359.113878415491218385396339293423,20,122.0,201.0,201.0,292.0
1.3.6.1.4.1.14519.5.2.1.6655.2359.483311376564990451801993422070,21,138.0,208.0,206.0,286.0
1.3.6.1.4.1.14519.5.2.1.6655.2359.202052447437173760229732793626,22,145.0,219.0,204.0,298.0
