sop,inst,x_min,y_min,x_max,y_max
1.3.6.1.4.1.14519.5.2.1.6655.2359.188595370476761683195637501322,31,317.0,303.0,353.0,342.0
1.3.6.1.4.1.14519.5.2.1.6655.2359.542957558046257002383672785558,32,317.0,300.0,354.0,341.0
1.3.6.1.4.1.14519.5.2.1.6655.2359.333351199822008157603413768808,33,316.0,300.0,356.0,347.0
1.3.6.1.4.1.14519.5.2.1.6655.2359.198765100909102640956645844509,34,315.0,300.0,359.0,344.0
1.3.6.1.4.1.14519.5.2.1.6655.2359.271185707642403155245421429155,35,311.0,297.0,356.0,344.0
1.3.6.1.4.1.14519.5.2.1.6655.2359.130554139335647417975096448295,36,308.0,292.0,348.0,343.0
