sop,inst,x_min,y_min,x_max,y_max
1.3.6.1.4.1.14519.5.2.1.6655.2359.237604351127889904391288009915,136,101.0,267.0,134.0,292.0
1.3.6.1.4.1.14519.5.2.1.6655.2359.159557263368289711599909345428,137,95.0,260.0,134.0,295.0
1.3.6.1.4.1.14519.5.2.1.6655.2359.216021435984474708346622979702,138,93.0,260.0,142.0,298.0
1.3.6.1.4.1.14519.5.2.1.6655.2359.689639224871650166760443457691,139,95.0,249.0,142.0,309.0
1.3.6.1.4.1.14519.5.2.1.6655.2359.155803603174402808599900688354,140,93.0,262.0,128.0,290.0
1.3.6.1.4.1.14519.5.2.1.6655.2359.322842041478114748598630087246,141,89.0,262.0,129.0,296.0
1.3.6.1.4.1.14519.5.2.1.6655.2359.188179107490745828741394572568,142,95.0,259.0,135.0,297.0
1.3.6.1.4.1.14519.5.2.1.6655.2359.238422422728644916226000605042,143,99.0,262.0,132.0,300.0
