sop,inst,x_min,y_min,x_max,y_max
1.3.6.1.4.1.14519.5.2.1.6655.2359.205986158656637856292514127921,30,95.0,201.0,192.0,278.0
1.3.6.1.4.1.14519.5.2.1.6655.2359.195092597591301983723166672725,31,97.0,191.0,178.0,288.0
1.3.6.1.4.1.14519.5.2.1.6655.2359.336401259393066089064862367143,32,95.0,183.0,187.0,271.0
1.3.6.1.4.1.14519.5.2.1.6655.2359.264689758526876265322331711798,33,106.0,166.0,180.0,258.0
1.3.6.1.4.1.14519.5.2.1.6655.2359.237959088696076786476714984800,34,97.0,153.0,175.0,253.0
1.3.6.1.4.1.14519.5.2.1.6655.2359.224414197067692935898887495860,35,90.0,136.0,187.0,248.0
1.3.6.1.4.1.14519.5.2.1.6655.2359.168343303100223759146132757006,36,99.0,125.0,178.0,221.0
1.3.6.1.4.1.14519.5.2.1.6655.2359.547901322120820837641207646806,37,122.0,129.0,173.0,212.0
