sop,inst,x_min,y_min,x_max,y_max
1.3.6.1.4.1.14519.5.2.1.6655.2359.196691636202389736702841028484,30,105.0,199.0,210.0,283.0
1.3.6.1.4.1.14519.5.2.1.6655.2359.163728775772581469584640617251,31,97.0,194.0,184.0,288.0
1.3.6.1.4.1.14519.5.2.1.6655.2359.328857927517663847057675709402,32,103.0,189.0,189.0,292.0
1.3.6.1.4.1.14519.5.2.1.6655.2359.236612840842403055209937833831,33,89.0,175.0,191.0,255.0
1.3.6.1.4.1.14519.5.2.1.6655.2359.221725832495318167963238968967,34,93.0,162.0,169.0,262.0
1.3.6.1.4.1.14519.5.2.1.6655.2359.171926245904032871568941212608,35,103.0,151.0,188.0,245.0
1.3.6.1.4.1.14519.5.2.1.6655.2359.595474102582107444548451869288,36,92.0,136.0,184.0,226.0
1.3.6.1.4.1.14519.5.2.1.6655.2359.167395580659799269776277301875,37,109.0,132.0,177.0,213.0
