sop,inst,x_min,y_min,x_max,y_max
1.3.6.1.4.1.14519.5.2.1.6655.2359.107326146412611900649326452380,14,137.0,274.0,201.0,345.0
1.3.6.1.4.1.14519.5.2.1.6655.2359.590737312015434695070368789962,15,139.0,257.0,207.0,339.0
