sop,inst,x_min,y_min,x_max,y_max
1.3.6.1.4.1.14519.5.2.1.6655.2359.192092463569554782000320217629,29,142.0,276.0,207.0,342.0
1.3.6.1.4.1.14519.5.2.1.6655.2359.231674093605596268343947269821,30,131.0,259.0,208.0,342.0
1.3.6.1.4.1.14519.5.2.1.6655.2359.105076532394498144468400876701,31,131.0,250.0,201.0,343.0
1.3.6.1.4.1.14519.5.2.1.6655.2359.186618243089721997192350969104,32,125.0,261.0,204.0,342.0
1.3.6.1.4.1.14519.5.2.1.6655.2359.224913094479988574503767899226,33,122.0,268.0,198.0,336.0
