sop,inst,x_min,y_min,x_max,y_max
1.3.6.1.4.1.14519.5.2.1.6655.2359.327577345848116662541899927044,8,291.0,212.0,321.0,242.0
