sop,inst,x_min,y_min,x_max,y_max
1.3.6.1.4.1.14519.5.2.1.6655.2359.207774581053976968450781018347,14,289.0,215.0,322.0,236.0
1.3.6.1.4.1.14519.5.2.1.6655.2359.200401089132836187034004826900,15,292.0,207.0,324.0,236.0
1.3.6.1.4.1.14519.5.2.1.6655.2359.142294656749345659159185600282,16,298.0,204.0,328.0,242.0
