sop,inst,x_min,y_min,x_max,y_max
1.3.6.1.4.1.14519.5.2.1.6655.2359.125668086219801202417451093937,17,90.0,381.0,163.0,456.0
1.3.6.1.4.1.14519.5.2.1.6655.2359.121373785774194239674251306935,18,98.0,388.0,169.0,452.0
