sop,inst,x_min,y_min,x_max,y_max
1.3.6.1.4.1.14519.5.2.1.6655.2359.157521943210183132801128202494,12,315.0,296.0,358.0,330.0
1.3.6.1.4.1.14519.5.2.1.6655.2359.637907911296333693637978559688,13,305.0,286.0,359.0,331.0
1.3.6.1.4.1.14519.5.2.1.6655.2359.236377166294533046462895418344,14,307.0,288.0,362.0,328.0
1.3.6.1.4.1.14519.5.2.1.6655.2359.288815200248268596264607950712,15,300.0,288.0,361.0,328.0
1.3.6.1.4.1.14519.5.2.1.6655.2359.600559017547120663165754158730,16,296.0,283.0,367.0,324.0
1.3.6.1.4.1.14519.5.2.1.6655.2359.240961232875225622805764092357,17,299.0,281.0,366.0,324.0
1.3.6.1.4.1.14519.5.2.1.6655.2359.198420577553235907402016202489,18,305.0,277.0,369.0,325.0
1.3.6.1.4.1.14519.5.2.1.6655.2359.336974885895633354268660907026,19,314.0,285.0,373.0,327.0
