sop,inst,x_min,y_min,x_max,y_max
1.3.6.1.4.1.14519.5.2.1.6655.2359.139770603019975338329493212334,37,362.0,267.0,410.0,295.0
1.3.6.1.4.1.14519.5.2.1.6655.2359.298930322280205031203287257278,38,362.0,265.0,412.0,306.0
1.3.6.1.4.1.14519.5.2.1.6655.2359.151726250099992622336117151244,39,367.0,264.0,413.0,301.0
1.3.6.1.4.1.14519.5.2.1.6655.2359.723873501456435997517354681754,40,373.0,263.0,413.0,303.0
1.3.6.1.4.1.14519.5.2.1.6655.2359.118172137818385013652520486461,41,371.0,266.0,411.0,300.0
1.3.6.1.4.1.14519.5.2.1.6655.2359.637140212742327190358593797120,42,372.0,262.0,418.0,301.0
