sop,inst,x_min,y_min,x_max,y_max
1.3.6.1.4.1.14519.5.2.1.6655.2359.990520058751580187274203954315,18,363.0,269.0,409.0,292.0
1.3.6.1.4.1.14519.5.2.1.6655.2359.121535018936463009246086712104,19,370.0,266.0,417.0,300.0
1.3.6.1.4.1.14519.5.2.1.6655.2359.138927743437453629589088952536,20,376.0,257.0,416.0,301.0
