sop,inst,x_min,y_min,x_max,y_max
1.3.6.1.4.1.14519.5.2.1.6655.2359.186796228868501900146673859970,40,310.0,288.0,332.0,324.0
1.3.6.1.4.1.14519.5.2.1.6655.2359.164030100785718802324649659291,41,302.0,286.0,337.0,322.0
1.3.6.1.4.1.14519.5.2.1.6655.2359.305228553470378486197104046966,42,300.0,286.0,337.0,330.0
1.3.6.1.4.1.14519.5.2.1.6655.2359.470031894412074013402399568812,43,308.0,295.0,336.0,330.0
1.3.6.1.4.1.14519.5.2.1.6655.2359.705092209601805110381898464179,44,312.0,296.0,336.0,321.0
1.3.6.1.4.1.14519.5.2.1.6655.2359.311052853836921125447703018788,45,310.0,297.0,341.0,327.0
