sop,inst,x_min,y_min,x_max,y_max
1.3.6.1.4.1.14519.5.2.1.6655.2359.276679572378148906710494370107,25,183.0,314.0,228.0,374.0
1.3.6.1.4.1.14519.5.2.1.6655.2359.230985362162230113123780190671,26,172.0,309.0,228.0,388.0
1.3.6.1.4.1.14519.5.2.1.6655.2359.337319945873511270734109039978,27,160.0,303.0,233.0,400.0
1.3.6.1.4.1.14519.5.2.1.6655.2359.223077432906636933827600168131,28,160.0,303.0,221.0,393.0
1.3.6.1.4.1.14519.5.2.1.6655.2359.146455058688654618095445202786,29,159.0,302.0,229.0,377.0
1.3.6.1.4.1.14519.5.2.1.6655.2359.291667023317715198175171221270,30,161.0,312.0,236.0,386.0
1.3.6.1.4.1.14519.5.2.1.6655.2359.139650093896136595179567181443,31,167.0,309.0,230.0,393.0
1.3.6.1.4.1.14519.5.2.1.6655.2359.187326864403658739500153874758,32,163.0,321.0,223.0,392.0
1.3.6.1.4.1.14519.5.2.1.6655.2359.542688158494865904457546511093,33,162.0,318.0,219.0,392.0
