sop,inst,x_min,y_min,x_max,y_max
1.3.6.1.4.1.14519.5.2.1.6655.2359.279344468627104428598701014216,23,155.0,298.0,190.0,336.0
1.3.6.1.4.1.14519.5.2.1.6655.2359.166288946092766373751201683479,24,146.0,284.0,200.0,336.0
1.3.6.1.4.1.14519.5.2.1.6655.2359.217921029297318887979382283857,25,148.0,279.0,194.0,339.0
1.3.6.1.4.1.14519.5.2.1.6655.2359.215546468469836501702031901185,26,144.0,284.0,195.0,343.0
1.3.6.1.4.1.14519.5.2.1.6655.2359.216957611695102788328333742020,27,143.0,302.0,188.0,337.0
1.3.6.1.4.1.14519.5.2.1.6655.2359.124045047353162635431489953307,28,136.0,300.0,193.0,341.0
