sop,inst,x_min,y_min,x_max,y_max
1.3.6.1.4.1.14519.5.2.1.6655.2359.242670724393725016484937899613,16,355.0,264.0,392.0,304.0
1.3.6.1.4.1.14519.5.2.1.6655.2359.494296105518150893296513317790,17,352.0,264.0,390.0,307.0
1.3.6.1.4.1.14519.5.2.1.6655.2359.186838957551141642410271863682,18,350.0,251.0,407.0,308.0
1.3.6.1.4.1.14519.5.2.1.6655.2359.192319952993044405837641773352,19,355.0,253.0,401.0,311.0
1.3.6.1.4.1.14519.5.2.1.6655.2359.182265745774817221090228526935,20,350.0,258.0,402.0,309.0
1.3.6.1.4.1.14519.5.2.1.6655.2359.847984578516925410588713325773,21,351.0,253.0,401.0,308.0
1.3.6.1.4.1.14519.5.2.1.6655.2359.157072777708223760011129968987,22,355.0,261.0,395.0,307.0
