sop,inst,x_min,y_min,x_max,y_max
1.3.6.1.4.1.14519.5.2.1.6655.2359.235707974500451583591096587100,16,351.0,261.0,394.0,305.0
1.3.6.1.4.1.14519.5.2.1.6655.2359.229245262512589884438861279816,17,350.0,261.0,391.0,307.0
1.3.6.1.4.1.14519.5.2.1.6655.2359.135849075474891411079785913769,18,353.0,257.0,402.0,307.0
1.3.6.1.4.1.14519.5.2.1.6655.2359.317303569735886591305023339737,19,351.0,252.0,405.0,311.0
1.3.6.1.4.1.14519.5.2.1.6655.2359.128218497590679299718244559521,20,350.0,257.0,404.0,307.0
1.3.6.1.4.1.14519.5.2.1.6655.2359.200569964203817211174214639681,21,351.0,259.0,401.0,309.0
1.3.6.1.4.1.14519.5.2.1.6655.2359.155215441204530907598238510314,22,356.0,256.0,393.0,308.0
