sop,inst,x_min,y_min,x_max,y_max
1.3.6.1.4.1.14519.5.2.1.6655.2359.147904433808861055095369669515,39,157.0,336.0,215.0,385.0
1.3.6.1.4.1.14519.5.2.1.6655.2359.253039017864768237885970870739,40,163.0,322.0,226.0,392.0
1.3.6.1.4.1.14519.5.2.1.6655.2359.103537617621541287695159651100,41,164.0,326.0,221.0,394.0
1.3.6.1.4.1.14519.5.2.1.6655.2359.204659853379197054192461815407,42,157.0,321.0,224.0,403.0
1.3.6.1.4.1.14519.5.2.1.6655.2359.289566010004988002854993247123,43,152.0,323.0,222.0,392.0
1.3.6.1.4.1.14519.5.2.1.6655.2359.108326979645490954336275798586,44,162.0,336.0,214.0,392.0
