sop,inst,x_min,y_min,x_max,y_max
1.3.6.1.4.1.14519.5.2.1.6655.2359.741206086241237558496042747969,14,296.0,331.0,351.0,382.0
1.3.6.1.4.1.14519.5.2.1.6655.2359.289186849349654450104973032531,15,293.0,318.0,348.0,384.0
1.3.6.1.4.1.14519.5.2.1.6655.2359.191468104323452587789797624004,16,285.0,319.0,355.0,389.0
1.3.6.1.4.1.14519.5.2.1.6655.2359.253763111879303517159545374933,17,289.0,317.0,353.0,391.0
1.3.6.1.4.1.14519.5.2.1.6655.2359.102500633407588554681658808214,18,286.0,310.0,355.0,402.0
1.3.6.1.4.1.14519.5.2.1.6655.2359.217649008723153656849717286154,19,290.0,315.0,359.0,393.0
1.3.6.1.4.1.14519.5.2.1.6655.2359.326712390675165848304281961959,20,287.0,313.0,349.0,385.0
1.3.6.1.4.1.14519.5.2.1.6655.2359.592450921957945360354404357368,21,292.0,301.0,338.0,379.0
1.3.6.1.4.1.14519.5.2.1.6655.2359.103293611003651848123608366756,22,304.0,304.0,337.0,372.0
