sop,inst,x_min,y_min,x_max,y_max
1.3.6.1.4.1.14519.5.2.1.6655.2359.722698888516228459495268064272,22,145.0,361.0,174.0,391.0
