sop,inst,x_min,y_min,x_max,y_max
1.3.6.1.4.1.14519.5.2.1.6655.2359.295767172159557438467188897764,42,143.0,362.0,177.0,399.0
1.3.6.1.4.1.14519.5.2.1.6655.2359.199231332131456398447662514774,43,134.0,354.0,181.0,398.0
1.3.6.1.4.1.14519.5.2.1.6655.2359.850434679858983084226125074981,44,138.0,365.0,178.0,399.0
