sop,inst,x_min,y_min,x_max,y_max
1.3.6.1.4.1.14519.5.2.1.6655.2359.176792684571734752614421764694,31,164.0,221.0,213.0,296.0
1.3.6.1.4.1.14519.5.2.1.6655.2359.297884450425204795142809015906,32,171.0,226.0,222.0,286.0
1.3.6.1.4.1.14519.5.2.1.6655.2359.337926384194938767907928259547,33,157.0,217.0,230.0,312.0
1.3.6.1.4.1.14519.5.2.1.6655.2359.119519847330729820985110481282,34,146.0,226.0,222.0,307.0
1.3.6.1.4.1.14519.5.2.1.6655.2359.148048665454201553871294302799,35,145.0,232.0,231.0,307.0
1.3.6.1.4.1.14519.5.2.1.6655.2359.102677017223782490601051800677,36,144.0,227.0,222.0,314.0
1.3.6.1.4.1.14519.5.2.1.6655.2359.170863546953394992101962799568,37,154.0,235.0,226.0,314.0
1.3.6.1.4.1.14519.5.2.1.6655.2359.174455188594888435123803299708,38,158.0,252.0,214.0,311.0
