sop,inst,x_min,y_min,x_max,y_max
1.3.6.1.4.1.14519.5.2.1.6655.2359.749579983750765325597647012697,9,157.0,280.0,207.0,322.0
1.3.6.1.4.1.14519.5.2.1.6655.2359.459805994700445764242667045490,10,143.0,268.0,199.0,316.0
1.3.6.1.4.1.14519.5.2.1.6655.2359.169305672406409922035414298194,11,135.0,259.0,204.0,318.0
1.3.6.1.4.1.14519.5.2.1.6655.2359.124903986395957655038780597766,12,144.0,262.0,200.0,310.0
1.3.6.1.4.1.14519.5.2.1.6655.2359.242671770542181659577133384274,13,147.0,260.0,201.0,312.0
1.3.6.1.4.1.14519.5.2.1.6655.2359.170329040334270616084984741115,14,159.0,265.0,195.0,311.0
