sop,inst,x_min,y_min,x_max,y_max
1.3.6.1.4.1.14519.5.2.1.6655.2359.150617338705680721890079938766,13,200.0,198.0,221.0,230.0
1.3.6.1.4.1.14519.5.2.1.6655.2359.257154618007382313812553907434,14,184.0,189.0,225.0,229.0
1.3.6.1.4.1.14519.5.2.1.6655.2359.218525644958794170025423171120,15,185.0,192.0,230.0,227.0
1.3.6.1.4.1.14519.5.2.1.6655.2359.264732004298070567228971147019,16,184.0,189.0,234.0,239.0
1.3.6.1.4.1.14519.5.2.1.6655.2359.152045694226269971692233946136,17,187.0,185.0,231.0,236.0
1.3.6.1.4.1.14519.5.2.1.6655.2359.205456771775254723147529079214,18,183.0,186.0,232.0,251.0
1.3.6.1.4.1.14519.5.2.1.6655.2359.152724445279203572962365863082,19,181.0,190.0,240.0,259.0
1.3.6.1.4.1.14519.5.2.1.6655.2359.804228234345287851714512605013,20,189.0,192.0,238.0,256.0
