sop,inst,x_min,y_min,x_max,y_max
1.3.6.1.4.1.14519.5.2.1.6655.2359.278388510279134813469070098339,15,167.0,210.0,197.0,242.0
1.3.6.1.4.1.14519.5.2.1.6655.2359.244501335732092028484068001807,16,166.0,209.0,207.0,238.0
1.3.6.1.4.1.14519.5.2.1.6655.2359.120701671840131764460616497196,17,165.0,200.0,207.0,239.0
1.3.6.1.4.1.14519.5.2.1.6655.2359.166736964671503937162379576434,18,158.0,192.0,210.0,255.0
1.3.6.1.4.1.14519.5.2.1.6655.2359.289279215195469483536561857940,19,160.0,195.0,213.0,264.0
1.3.6.1.4.1.14519.5.2.1.6655.2359.189110599916053945711207643785,20,168.0,196.0,225.0,271.0
1.3.6.1.4.1.14519.5.2.1.6655.2359.858635411386202231565873703860,21,169.0,200.0,223.0,265.0
1.3.6.1.4.1.14519.5.2.1.6655.2359.121487361720599190692911202613,22,171.0,198.0,223.0,270.0
