sop,inst,x_min,y_min,x_max,y_max
1.3.6.1.4.1.14519.5.2.1.6655.2359.232256968381825284708141312536,72,144.0,219.0,162.0,243.0
1.3.6.1.4.1.14519.5.2.1.6655.2359.199016430130615773376466498077,73,139.0,223.0,166.0,243.0
1.3.6.1.4.1.14519.5.2.1.6655.2359.287801171033731365768523193693,74,140.0,221.0,163.0,243.0
1.3.6.1.4.1.14519.5.2.1.6655.2359.292625772840892160043598183517,75,145.0,221.0,162.0,243.0
1.3.6.1.4.1.14519.5.2.1.6655.2359.120895431375817368703193247769,76,144.0,220.0,165.0,242.0
1.3.6.1.4.1.14519.5.2.1.6655.2359.263609558519209454774491155829,77,142.0,221.0,163.0,240.0
1.3.6.1.4.1.14519.5.2.1.6655.2359.738339571677680314926658055656,78,141.0,221.0,162.0,241.0
1.3.6.1.4.1.14519.5.2.1.6655.2359.218828904305463607916373412066,79,141.0,223.0,161.0,238.0
