sop,inst,x_min,y_min,x_max,y_max
1.3.6.1.4.1.14519.5.2.1.6655.2359.321061592324383981072284335223,100,210.0,333.0,223.0,352.0
1.3.6.1.4.1.14519.5.2.1.6655.2359.215462011825618087879983637990,101,209.0,332.0,227.0,353.0
1.3.6.1.4.1.14519.5.2.1.6655.2359.477218106232998130544734756158,102,209.0,332.0,224.0,354.0
1.3.6.1.4.1.14519.5.2.1.6655.2359.160415977290615867269047692770,103,205.0,339.0,223.0,358.0
1.3.6.1.4.1.14519.5.2.1.6655.2359.171555237487604422247089064146,104,206.0,334.0,224.0,355.0
1.3.6.1.4.1.14519.5.2.1.6655.2359.300232260551893795676838786228,105,206.0,338.0,230.0,357.0
1.3.6.1.4.1.14519.5.2.1.6655.2359.147411335848439989832085028402,106,208.0,337.0,224.0,357.0
1.3.6.1.4.1.14519.5.2.1.6655.2359.114940982174021952513153688643,107,205.0,334.0,225.0,359.0
