sop,inst,x_min,y_min,x_max,y_max
1.3.6.1.4.1.14519.5.2.1.6655.2359.329861861758801001176985498535,9,283.0,318.0,357.0,378.0
1.3.6.1.4.1.14519.5.2.1.6655.2359.153263886591621571865744313284,10,277.0,309.0,356.0,392.0
1.3.6.1.4.1.14519.5.2.1.6655.2359.643692993501237598920362873745,11,272.0,304.0,356.0,385.0
1.3.6.1.4.1.14519.5.2.1.6655.2359.147764777266198197743392536054,12,267.0,309.0,353.0,379.0
1.3.6.1.4.1.14519.5.2.1.6655.2359.207540797871808116188848926012,13,268.0,307.0,349.0,389.0
1.3.6.1.4.1.14519.5.2.1.6655.2359.310277716086393070638045760733,14,271.0,308.0,341.0,377.0
1.3.6.1.4.1.14519.5.2.1.6655.2359.178197005660134764434916036862,15,281.0,321.0,336.0,377.0
