sop,inst,x_min,y_min,x_max,y_max
1.3.6.1.4.1.14519.5.2.1.6655.2359.137030681170305170526815590510,29,148.0,173.0,186.0,209.0
1.3.6.1.4.1.14519.5.2.1.6655.2359.175582796697731300017624175131,30,146.0,162.0,187.0,212.0
1.3.6.1.4.1.14519.5.2.1.6655.2359.817633970552482020235284635559,31,148.0,168.0,184.0,209.0
1.3.6.1.4.1.14519.5.2.1.6655.2359.790646698714746447599203623453,76,145.0,174.0,186.0,215.0
1.3.6.1.4.1.14519.5.2.1.6655.2359.226691857613970670601457713411,77,143.0,167.0,188.0,215.0
1.3.6.1.4.1.14519.5.2.1.6655.2359.232423312951837686752989869792,78,151.0,162.0,187.0,208.0
1.3.6.1.4.1.14519.5.2.1.6655.2359.287241678797150862727495124282,124,152.0,174.0,184.0,209.0
1.3.6.1.4.1.14519.5.2.1.6655.2359.313792334115100126268727217141,125,148.0,168.0,190.0,209.0
1.3.6.1.4.1.14519.5.2.1.6655.2359.394898808148029791303528320188,126,148.0,159.0,191.0,206.0
