sop,inst,x_min,y_min,x_max,y_max
1.3.6.1.4.1.14519.5.2.1.6655.2359.657826243692556571300611225042,8,310.0,270.0,388.0,351.0
1.3.6.1.4.1.14519.5.2.1.6655.2359.177720116630315875995933024172,9,313.0,250.0,379.0,346.0
1.3.6.1.4.1.14519.5.2.1.6655.2359.267877407569092467153984296768,10,316.0,250.0,392.0,350.0
1.3.6.1.4.1.14519.5.2.1.6655.2359.240725298882926193809527639191,11,307.0,259.0,388.0,348.0
1.3.6.1.4.1.14519.5.2.1.6655.2359.221788413730557441077717049179,12,322.0,270.0,389.0,340.0
