sop,inst,x_min,y_min,x_max,y_max
1.3.6.1.4.1.14519.5.2.1.6655.2359.265721548712595074373017584374,10,169.0,265.0,224.0,330.0
1.3.6.1.4.1.14519.5.2.1.6655.2359.713399263184158546402364126029,11,161.0,256.0,231.0,336.0
1.3.6.1.4.1.14519.5.2.1.6655.2359.278828494385359370905304955166,12,171.0,248.0,234.0,339.0
1.3.6.1.4.1.14519.5.2.1.6655.2359.744005876155891145394144894583,13,156.0,245.0,235.0,329.0
1.3.6.1.4.1.14519.5.2.1.6655.2359.720161473115630767765873918087,14,158.0,256.0,234.0,335.0
1.3.6.1.4.1.14519.5.2.1.6655.2359.113900067857404600445824873214,15,177.0,272.0,248.0,335.0
1.3.6.1.4.1.14519.5.2.1.6655.2359.743755429870994395615400239668,16,176.0,271.0,235.0,326.0
