sop,inst,x_min,y_min,x_max,y_max
1.3.6.1.4.1.14519.5.2.1.6655.2359.116443984041917148499209445676,103,216.0,278.0,237.0,295.0
1.3.6.1.4.1.14519.5.2.1.6655.2359.240957788767072736110641785742,104,212.0,276.0,236.0,293.0
1.3.6.1.4.1.14519.5.2.1.6655.2359.216576609123683048583585532994,105,211.0,268.0,233.0,292.0
1.3.6.1.4.1.14519.5.2.1.6655.2359.376785703777333444278073201820,106,211.0,268.0,239.0,295.0
1.3.6.1.4.1.14519.5.2.1.6655.2359.464743939592213663719472232951,107,213.0,270.0,232.0,295.0
1.3.6.1.4.1.14519.5.2.1.6655.2359.238171767527796267797676591542,108,208.0,267.0,237.0,297.0
1.3.6.1.4.1.14519.5.2.1.6655.2359.314891112104376269169678765799,109,213.0,269.0,237.0,295.0
1.3.6.1.4.1.14519.5.2.1.6655.2359.629112427457762495226687578566,110,210.0,268.0,236.0,292.0
1.3.6.1.4.1.14519.5.2.1.6655.2359.100920432809904717085725585369,111,211.0,269.0,230.0,291.0
