sop,inst,x_min,y_min,x_max,y_max
1.3.6.1.4.1.14519.5.2.1.6655.2359.129839793280504160060768647365,40,303.0,283.0,335.0,319.0
1.3.6.1.4.1.14519.5.2.1.6655.2359.280746100541471508016986131857,41,307.0,282.0,331.0,330.0
1.3.6.1.4.1.14519.5.2.1.6655.2359.251542365651701935891017404610,42,307.0,293.0,339.0,327.0
1.3.6.1.4.1.14519.5.2.1.6655.2359.140654484633042921838165639259,43,308.0,295.0,335.0,325.0
1.3.6.1.4.1.14519.5.2.1.6655.2359.744024859033266949990621439683,44,305.0,296.0,341.0,332.0
1.3.6.1.4.1.14519.5.2.1.6655.2359.271765965510794943969048422011,45,311.0,295.0,339.0,325.0
