sop,inst,x_min,y_min,x_max,y_max
1.3.6.1.4.1.14519.5.2.1.6655.2359.268918843238739161812114792918,19,182.0,300.0,225.0,347.0
1.3.6.1.4.1.14519.5.2.1.6655.2359.264582009312298178715258825548,20,181.0,305.0,232.0,349.0
1.3.6.1.4.1.14519.5.2.1.6655.2359.144236011298549596325819491603,21,187.0,309.0,237.0,357.0
1.3.6.1.4.1.14519.5.2.1.6655.2359.141008408552666980491480274058,22,173.0,302.0,239.0,356.0
