sop,inst,x_min,y_min,x_max,y_max
1.3.6.1.4.1.14519.5.2.1.6655.2359.313018017394534002122597731720,27,169.0,291.0,230.0,342.0
1.3.6.1.4.1.14519.5.2.1.6655.2359.294380931403759778539330907405,28,180.0,296.0,222.0,339.0
1.3.6.1.4.1.14519.5.2.1.6655.2359.290170927151899546044801417122,29,163.0,295.0,226.0,340.0
1.3.6.1.4.1.14519.5.2.1.6655.2359.137582332318059129204777906206,30,155.0,291.0,226.0,339.0
