sop,inst,x_min,y_min,x_max,y_max
1.3.6.1.4.1.14519.5.2.1.6655.2359.176601835094407312576006515260,27,180.0,297.0,226.0,337.0
1.3.6.1.4.1.14519.5.2.1.6655.2359.636224223894525946286034896525,28,180.0,293.0,226.0,339.0
1.3.6.1.4.1.14519.5.2.1.6655.2359.100943749628050889154126383888,29,168.0,293.0,223.0,344.0
1.3.6.1.4.1.14519.5.2.1.6655.2359.222839434263074016366140277592,30,170.0,297.0,235.0,346.0
