sop,inst,x_min,y_min,x_max,y_max
1.3.6.1.4.1.14519.5.2.1.6655.2359.280411377514706208996184053792,13,298.0,206.0,360.0,277.0
1.3.6.1.4.1.14519.5.2.1.6655.2359.152442735307175474698218637817,14,307.0,182.0,384.0,286.0
1.3.6.1.4.1.14519.5.2.1.6655.2359.658822459656484143790874511607,15,309.0,183.0,379.0,283.0
1.3.6.1.4.1.14519.5.2.1.6655.2359.205232322000519521063169469445,16,319.0,174.0,389.0,291.0
1.3.6.1.4.1.14519.5.2.1.6655.2359.155272807419313823592506710261,17,312.0,171.0,390.0,295.0
1.3.6.1.4.1.14519.5.2.1.6655.2359.312668672513043452576114919982,18,323.0,185.0,384.0,295.0
1.3.6.1.4.1.14519.5.2.1.6655.2359.116473431739140429261926523454,19,331.0,216.0,380.0,295.0
1.3.6.1.4.1.14519.5.2.1.6655.2359.627016267459315826672661789495,20,322.0,208.0,375.0,300.0
1.3.6.1.4.1.14519.5.2.1.6655.2359.669918893291523300818068641260,21,323.0,228.0,387.0,299.0
