sop,inst,x_min,y_min,x_max,y_max
1.3.6.1.4.1.14519.5.2.1.6655.2359.269062367459662366492221259522,11,177.0,230.0,214.0,283.0
1.3.6.1.4.1.14519.5.2.1.6655.2359.259955218693561490185222885073,12,171.0,236.0,218.0,285.0
1.3.6.1.4.1.14519.5.2.1.6655.2359.192524056145219635053392708927,13,173.0,232.0,221.0,280.0
1.3.6.1.4.1.14519.5.2.1.6655.2359.109112316179210977772661788480,14,154.0,228.0,219.0,280.0
1.3.6.1.4.1.14519.5.2.1.6655.2359.206728873794879970178306591395,19,160.0,185.0,200.0,221.0
1.3.6.1.4.1.14519.5.2.1.6655.2359.266608559590857499522424522379,20,145.0,186.0,204.0,230.0
1.3.6.1.4.1.14519.5.2.1.6655.2359.183728643310399910385229193776,21,148.0,168.0,219.0,231.0
1.3.6.1.4.1.14519.5.2.1.6655.2359.238390939269161192818838705918,22,159.0,163.0,225.0,224.0
1.3.6.1.4.1.14519.5.2.1.6655.2359.152703569350516227691905818514,23,166.0,151.0,216.0,215.0
