sop,inst,x_min,y_min,x_max,y_max
1.3.6.1.4.1.14519.5.2.1.6655.2359.851994847375234581409023510352,144,226.0,298.0,251.0,318.0
1.3.6.1.4.1.14519.5.2.1.6655.2359.124597357771777361166579863572,145,225.0,298.0,247.0,315.0
1.3.6.1.4.1.14519.5.2.1.6655.2359.256680452879952441272430069901,146,227.0,298.0,252.0,315.0
1.3.6.1.4.1.14519.5.2.1.6655.2359.298094229817715553437646527099,147,226.0,297.0,248.0,316.0
1.3.6.1.4.1.14519.5.2.1.6655.2359.108396878979423698504804585456,148,224.0,298.0,250.0,317.0
1.3.6.1.4.1.14519.5.2.1.6655.2359.245224247160556424383312424613,149,227.0,298.0,248.0,318.0
1.3.6.1.4.1.14519.5.2.1.6655.2359.262681376888096450885538305095,150,227.0,297.0,248.0,321.0
1.3.6.1.4.1.14519.5.2.1.6655.2359.242184295774661505692497585629,151,228.0,297.0,246.0,315.0
1.3.6.1.4.1.14519.5.2.1.6655.2359.131415975964699304580528322622,152,232.0,300.0,244.0,314.0
