sop,inst,x_min,y_min,x_max,y_max
1.3.6.1.4.1.14519.5.2.1.6655.2359.182726615219710557608846797398,163,102.0,220.0,113.0,230.0
1.3.6.1.4.1.14519.5.2.1.6655.2359.183579499775861360883065411189,164,106.0,221.0,113.0,230.0
