sop,inst,x_min,y_min,x_max,y_max
1.3.6.1.4.1.14519.5.2.1.6655.2359.219951005982097155367842216526,13,312.0,266.0,369.0,324.0
1.3.6.1.4.1.14519.5.2.1.6655.2359.281960249214754324289940553048,14,313.0,257.0,366.0,324.0
1.3.6.1.4.1.14519.5.2.1.6655.2359.297804820285455179251029709418,15,307.0,262.0,373.0,327.0
1.3.6.1.4.1.14519.5.2.1.6655.2359.176049361564256793595742539045,16,313.0,241.0,360.0,319.0
1.3.6.1.4.1.14519.5.2.1.6655.2359.308098849891329220156587055412,17,316.0,238.0,366.0,299.0
1.3.6.1.4.1.14519.5.2.1.6655.2359.223798656386621803701967563131,18,319.0,243.0,365.0,296.0
1.3.6.1.4.1.14519.5.2.1.6655.2359.279687903660093233920664897415,19,322.0,245.0,357.0,293.0
