sop,inst,x_min,y_min,x_max,y_max
1.3.6.1.4.1.14519.5.2.1.6655.2359.250541273989085494160455043769,23,157.0,288.0,197.0,338.0
1.3.6.1.4.1.14519.5.2.1.6655.2359.177581699929310594273122216105,24,150.0,286.0,198.0,339.0
1.3.6.1.4.1.14519.5.2.1.6655.2359.275640575604340471306792917593,25,146.0,285.0,200.0,340.0
1.3.6.1.4.1.14519.5.2.1.6655.2359.110854420994874529699916994804,26,142.0,282.0,195.0,340.0
1.3.6.1.4.1.14519.5.2.1.6655.2359.174996560642924548042117957542,27,144.0,301.0,188.0,339.0
1.3.6.1.4.1.14519.5.2.1.6655.2359.760902785014110174590761621950,28,143.0,303.0,191.0,336.0
