sop,inst,x_min,y_min,x_max,y_max
1.3.6.1.4.1.14519.5.2.1.6655.2359.197739195472642726391536853366,8,148.0,212.0,186.0,255.0
1.3.6.1.4.1.14519.5.2.1.6655.2359.113535859419544962226187600675,9,142.0,213.0,187.0,253.0
1.3.6.1.4.1.14519.5.2.1.6655.2359.153929050095164927216200457441,10,143.0,210.0,188.0,260.0
1.3.6.1.4.1.14519.5.2.1.6655.2359.136009719663653452775058925882,11,142.0,206.0,184.0,256.0
1.3.6.1.4.1.14519.5.2.1.6655.2359.181604604539139337193546023901,12,139.0,210.0,177.0,252.0
