sop,inst,x_min,y_min,x_max,y_max
1.3.6.1.4.1.14519.5.2.1.6655.2359.157556087297173808889939834721,9,148.0,207.0,187.0,259.0
1.3.6.1.4.1.14519.5.2.1.6655.2359.104966512003416787056401038096,10,145.0,208.0,191.0,257.0
1.3.6.1.4.1.14519.5.2.1.6655.2359.902038143901442668677182058570,11,145.0,215.0,178.0,252.0
