sop,inst,x_min,y_min,x_max,y_max
1.3.6.1.4.1.14519.5.2.1.6655.2359.326616021647899227892816485024,8,148.0,212.0,178.0,250.0
