sop,inst,x_min,y_min,x_max,y_max
1.3.6.1.4.1.14519.5.2.1.6655.2359.225713180594711128367487954349,14,298.0,222.0,328.0,251.0
1.3.6.1.4.1.14519.5.2.1.6655.2359.320396938243050333071952239866,15,290.0,217.0,325.0,255.0
1.3.6.1.4.1.14519.5.2.1.6655.2359.358682926575927468884440672743,16,298.0,221.0,328.0,257.0
