sop,inst,x_min,y_min,x_max,y_max
1.3.6.1.4.1.14519.5.2.1.6655.2359.172252248026716615709696252554,14,296.0,221.0,327.0,253.0
1.3.6.1.4.1.14519.5.2.1.6655.2359.128297350938652152176230973651,15,295.0,214.0,328.0,260.0
1.3.6.1.4.1.14519.5.2.1.6655.2359.529906539626160850062477586743,16,296.0,221.0,332.0,256.0
