sop,inst,x_min,y_min,x_max,y_max
1.3.6.1.4.1.14519.5.2.1.6655.2359.926387903374292861377457534098,28,142.0,301.0,204.0,365.0
1.3.6.1.4.1.14519.5.2.1.6655.2359.841504981060108705070797842127,29,136.0,300.0,207.0,384.0
1.3.6.1.4.1.14519.5.2.1.6655.2359.278784076607963996206766404626,30,136.0,311.0,202.0,375.0
1.3.6.1.4.1.14519.5.2.1.6655.2359.148858281691051202840033264409,31,134.0,311.0,204.0,386.0
1.3.6.1.4.1.14519.5.2.1.6655.2359.478190266639370335663259494581,32,139.0,312.0,200.0,370.0
