sop,inst,x_min,y_min,x_max,y_max
1.3.6.1.4.1.14519.5.2.1.6655.2359.163555160593081994524125859197,16,124.0,232.0,172.0,278.0
1.3.6.1.4.1.14519.5.2.1.6655.2359.211685458476965376162112499736,17,131.0,243.0,172.0,279.0
1.3.6.1.4.1.14519.5.2.1.6655.2359.276394775915586483495162347895,18,135.0,243.0,184.0,278.0
1.3.6.1.4.1.14519.5.2.1.6655.2359.143947788552934051987482911270,19,138.0,244.0,183.0,277.0
