sop,inst,x_min,y_min,x_max,y_max
1.3.6.1.4.1.14519.5.2.1.6655.2359.151895001921849840534171121142,19,171.0,311.0,200.0,365.0
1.3.6.1.4.1.14519.5.2.1.6655.2359.310482645673366055296374050343,20,166.0,311.0,209.0,369.0
1.3.6.1.4.1.14519.5.2.1.6655.2359.255526163204447975737833935481,21,157.0,308.0,201.0,360.0
1.3.6.1.4.1.14519.5.2.1.6655.2359.281024440289763416205840098927,22,154.0,312.0,211.0,367.0
1.3.6.1.4.1.14519.5.2.1.6655.2359.470384071910357564470804170236,23,152.0,315.0,189.0,350.0
