sop,inst,x_min,y_min,x_max,y_max
1.3.6.1.4.1.14519.5.2.1.6655.2359.101872152587451684276429774646,38,359.0,298.0,389.0,328.0
1.3.6.1.4.1.14519.5.2.1.6655.2359.142849013197758610776790278914,39,354.0,292.0,397.0,342.0
1.3.6.1.4.1.14519.5.2.1.6655.2359.860078234859141871297842338753,40,344.0,289.0,398.0,338.0
1.3.6.1.4.1.14519.5.2.1.6655.2359.321626435632967187490709912162,41,354.0,280.0,401.0,338.0
1.3.6.1.4.1.14519.5.2.1.6655.2359.162095620456729623966076744038,42,353.0,278.0,399.0,341.0
1.3.6.1.4.1.14519.5.2.1.6655.2359.182778770684021756552961322616,43,356.0,288.0,395.0,333.0
