sop,inst,x_min,y_min,x_max,y_max
1.3.6.1.4.1.14519.5.2.1.6655.2359.166480550787206139666632904270,38,353.0,295.0,388.0,334.0
1.3.6.1.4.1.14519.5.2.1.6655.2359.204912304376744244177843691610,39,350.0,292.0,388.0,344.0
1.3.6.1.4.1.14519.5.2.1.6655.2359.192399868917538344829175289113,40,345.0,295.0,403.0,336.0
1.3.6.1.4.1.14519.5.2.1.6655.2359.282985214968867424550928751367,41,348.0,285.0,393.0,337.0
1.3.6.1.4.1.14519.5.2.1.6655.2359.117540477883801141858535095533,42,349.0,277.0,394.0,340.0
1.3.6.1.4.1.14519.5.2.1.6655.2359.133514946679481457237095867057,43,355.0,286.0,389.0,327.0
