sop,inst,x_min,y_min,x_max,y_max
1.3.6.1.4.1.14519.5.2.1.6655.2359.227792415262770003059980935620,38,343.0,268.0,384.0,321.0
1.3.6.1.4.1.14519.5.2.1.6655.2359.138504193934487267996125050460,39,346.0,270.0,384.0,319.0
1.3.6.1.4.1.14519.5.2.1.6655.2359.116059031914184226344848841702,40,342.0,264.0,389.0,321.0
1.3.6.1.4.1.14519.5.2.1.6655.2359.255650948656506344150342866454,41,338.0,259.0,384.0,321.0
1.3.6.1.4.1.14519.5.2.1.6655.2359.211827537131465855527665183758,42,342.0,261.0,381.0,309.0
