sop,inst,x_min,y_min,x_max,y_max
1.3.6.1.4.1.14519.5.2.1.6655.2359.177531146338200530295674486374,28,145.0,171.0,189.0,206.0
1.3.6.1.4.1.14519.5.2.1.6655.2359.120583062898871895012343770932,29,148.0,169.0,189.0,208.0
1.3.6.1.4.1.14519.5.2.1.6655.2359.178080004786256526741725610573,30,146.0,161.0,190.0,203.0
