sop,inst,x_min,y_min,x_max,y_max
1.3.6.1.4.1.14519.5.2.1.6655.2359.287052230932629546938712670733,14,363.0,241.0,389.0,267.0
1.3.6.1.4.1.14519.5.2.1.6655.2359.110102192248328303904569090620,15,367.0,234.0,395.0,269.0
1.3.6.1.4.1.14519.5.2.1.6655.2359.663452979508707078261222744994,16,360.0,233.0,395.0,282.0
1.3.6.1.4.1.14519.5.2.1.6655.2359.199169859881165768006826098733,17,357.0,233.0,405.0,286.0
1.3.6.1.4.1.14519.5.2.1.6655.2359.967603744221085946721272924838,18,351.0,240.0,411.0,282.0
1.3.6.1.4.1.14519.5.2.1.6655.2359.772050077494870182525308200377,19,356.0,236.0,397.0,278.0
