sop,inst,x_min,y_min,x_max,y_max
1.3.6.1.4.1.14519.5.2.1.6655.2359.298515116091921420006643787707,12,365.0,261.0,407.0,314.0
1.3.6.1.4.1.14519.5.2.1.6655.2359.131943461111501120339653486778,13,350.0,248.0,413.0,315.0
1.3.6.1.4.1.14519.5.2.1.6655.2359.353855695020176158431198172735,14,363.0,252.0,414.0,312.0
