sop,inst,x_min,y_min,x_max,y_max
1.3.6.1.4.1.14519.5.2.1.6655.2359.247106338807019608947487644588,5,207.0,265.0,235.0,302.0
1.3.6.1.4.1.14519.5.2.1.6655.2359.174719131284198671849401729438,6,201.0,256.0,238.0,314.0
1.3.6.1.4.1.14519.5.2.1.6655.2359.626726519915824437163544693810,7,201.0,262.0,239.0,315.0
1.3.6.1.4.1.14519.5.2.1.6655.2359.333068429459641211558065265421,8,198.0,264.0,238.0,321.0
1.3.6.1.4.1.14519.5.2.1.6655.2359.324117997437702368098956854158,9,198.0,268.0,239.0,319.0
