sop,inst,x_min,y_min,x_max,y_max
1.3.6.1.4.1.14519.5.2.1.6655.2359.294428615007000656364970301117,11,227.0,296.0,250.0,315.0
1.3.6.1.4.1.14519.5.2.1.6655.2359.828151034480578687131337405409,12,222.0,292.0,254.0,324.0
1.3.6.1.4.1.14519.5.2.1.6655.2359.145817634178110434644458491086,13,228.0,295.0,251.0,324.0
