sop,inst,x_min,y_min,x_max,y_max
1.3.6.1.4.1.14519.5.2.1.6655.2359.272722960504160861591696459296,5,301.0,257.0,340.0,328.0
1.3.6.1.4.1.14519.5.2.1.6655.2359.217604116602389127012838571766,6,298.0,260.0,348.0,320.0
1.3.6.1.4.1.14519.5.2.1.6655.2359.281276356979145727529461942562,7,298.0,253.0,363.0,324.0
1.3.6.1.4.1.14519.5.2.1.6655.2359.156590561749076696380918758173,8,302.0,256.0,357.0,328.0
1.3.6.1.4.1.14519.5.2.1.6655.2359.444370193837782896968184148489,9,300.0,258.0,364.0,329.0
1.3.6.1.4.1.14519.5.2.1.6655.2359.169419161382024252360786141675,10,307.0,252.0,355.0,323.0
