sop,inst,x_min,y_min,x_max,y_max
1.3.6.1.4.1.14519.5.2.1.6655.2359.613815926551290276138988037914,6,294.0,200.0,363.0,280.0
1.3.6.1.4.1.14519.5.2.1.6655.2359.494213482673937746410710165660,7,316.0,175.0,395.0,290.0
1.3.6.1.4.1.14519.5.2.1.6655.2359.270902634224414900502826156010,8,329.0,175.0,395.0,339.0
1.3.6.1.4.1.14519.5.2.1.6655.2359.251928415045889960528301518132,9,317.0,220.0,357.0,339.0
