sop,inst,x_min,y_min,x_max,y_max
1.3.6.1.4.1.14519.5.2.1.6655.2359.117110365156483056306094348203,10,207.0,303.0,242.0,332.0
1.3.6.1.4.1.14519.5.2.1.6655.2359.326628205270397741682063700664,11,199.0,301.0,243.0,334.0
1.3.6.1.4.1.14519.5.2.1.6655.2359.170963166377583833375393251177,12,207.0,305.0,240.0,336.0
1.3.6.1.4.1.14519.5.2.1.6655.2359.149456230909860923802007737935,13,185.0,299.0,228.0,341.0
1.3.6.1.4.1.14519.5.2.1.6655.2359.696057029348697680116242556307,14,190.0,297.0,234.0,342.0
1.3.6.1.4.1.14519.5.2.1.6655.2359.121205736706062802042067348705,15,178.0,267.0,234.0,340.0
1.3.6.1.4.1.14519.5.2.1.6655.2359.211646613060971063681979868015,16,184.0,271.0,232.0,332.0
1.3.6.1.4.1.14519.5.2.1.6655.2359.105409374622518737989850983746,17,183.0,277.0,231.0,324.0
1.3.6.1.4.1.14519.5.2.1.6655.2359.214729792786482410981811631678,18,184.0,279.0,222.0,314.0
