sop,inst,x_min,y_min,x_max,y_max
1.3.6.1.4.1.14519.5.2.1.6655.2359.317395324696665225512230425279,7,189.0,260.0,221.0,333.0
1.3.6.1.4.1.14519.5.2.1.6655.2359.208640687836704989543854971182,8,171.0,215.0,217.0,325.0
1.3.6.1.4.1.14519.5.2.1.6655.2359.244905419352078014163923547562,9,175.0,209.0,223.0,339.0
1.3.6.1.4.1.14519.5.2.1.6655.2359.303045287637922915608278906534,10,134.0,221.0,213.0,333.0
