sop,inst,x_min,y_min,x_max,y_max
1.3.6.1.4.1.14519.5.2.1.6655.2359.244508334559475392403868082208,14,176.0,247.0,216.0,322.0
1.3.6.1.4.1.14519.5.2.1.6655.2359.102626955603617248065487582667,16,172.0,219.0,213.0,324.0
1.3.6.1.4.1.14519.5.2.1.6655.2359.251485531665877348664126005750,17,168.0,208.0,218.0,336.0
1.3.6.1.4.1.14519.5.2.1.6655.2359.498380272819769420668221057733,19,162.0,206.0,213.0,330.0
1.3.6.1.4.1.14519.5.2.1.6655.2359.216304047028323002794576926065,20,164.0,219.0,212.0,318.0
1.3.6.1.4.1.14519.5.2.1.6655.2359.648581789445958494489635286925,21,149.0,224.0,222.0,334.0
1.3.6.1.4.1.14519.5.2.1.6655.2359.231408101169797892812103652310,22,151.0,254.0,219.0,333.0
1.3.6.1.4.1.14519.5.2.1.6655.2359.131173906641146164661464264872,23,145.0,262.0,206.0,334.0
