sop,inst,x_min,y_min,x_max,y_max
1.3.6.1.4.1.14519.5.2.1.6655.2359.112228365922176898580336273654,58,159.0,219.0,180.0,245.0
1.3.6.1.4.1.14519.5.2.1.6655.2359.114210543850845907562468151424,59,161.0,221.0,190.0,247.0
1.3.6.1.4.1.14519.5.2.1.6655.2359.324707615719160555189440726891,60,163.0,219.0,191.0,245.0
1.3.6.1.4.1.14519.5.2.1.6655.2359.271243640602312562459328262453,61,164.0,219.0,189.0,244.0
1.3.6.1.4.1.14519.5.2.1.6655.2359.684343643162359495739280669570,62,162.0,215.0,187.0,243.0
1.3.6.1.4.1.14519.5.2.1.6655.2359.180027918743103686943344340982,63,165.0,217.0,187.0,246.0
1.3.6.1.4.1.14519.5.2.1.6655.2359.129917879622203919841616982640,64,162.0,220.0,190.0,246.0
1.3.6.1.4.1.14519.5.2.1.6655.2359.128116349392061679655792179971,65,164.0,216.0,190.0,241.0
1.3.6.1.4.1.14519.5.2.1.6655.2359.418170494149844769296486322250,66,169.0,214.0,190.0,242.0
