sop,inst,x_min,y_min,x_max,y_max
1.3.6.1.4.1.14519.5.2.1.6655.2359.609529848068608507925365301235,7,144.0,303.0,212.0,348.0
1.3.6.1.4.1.14519.5.2.1.6655.2359.730737645817273518573265060364,8,138.0,300.0,221.0,365.0
1.3.6.1.4.1.14519.5.2.1.6655.2359.638949014015924596966642603727,9,149.0,288.0,216.0,371.0
1.3.6.1.4.1.14519.5.2.1.6655.2359.192063188957171956344796180564,10,151.0,289.0,222.0,370.0
