sop,inst,x_min,y_min,x_max,y_max
1.3.6.1.4.1.14519.5.2.1.6655.2359.811734766296013311036582923967,10,149.0,303.0,213.0,356.0
1.3.6.1.4.1.14519.5.2.1.6655.2359.512431835879977857611710879703,11,151.0,310.0,215.0,352.0
1.3.6.1.4.1.14519.5.2.1.6655.2359.177823654945099108086947162143,12,138.0,291.0,221.0,363.0
1.3.6.1.4.1.14519.5.2.1.6655.2359.331574922264166765947820841581,13,140.0,292.0,219.0,369.0
1.3.6.1.4.1.14519.5.2.1.6655.2359.132179664305743649752658894981,14,142.0,289.0,213.0,366.0
1.3.6.1.4.1.14519.5.2.1.6655.2359.457997725059416463305973893502,15,145.0,289.0,216.0,372.0
