sop,inst,x_min,y_min,x_max,y_max
1.3.6.1.4.1.14519.5.2.1.6655.2359.398373706104418345557278628236,11,125.0,221.0,178.0,283.0
1.3.6.1.4.1.14519.5.2.1.6655.2359.182199939106213293274854728972,12,128.0,236.0,180.0,281.0
