sop,inst,x_min,y_min,x_max,y_max
1.3.6.1.4.1.14519.5.2.1.6655.2359.371677717689759009088537555228,10,134.0,236.0,176.0,279.0
1.3.6.1.4.1.14519.5.2.1.6655.2359.332519387468079600845544649942,11,134.0,224.0,180.0,285.0
1.3.6.1.4.1.14519.5.2.1.6655.2359.240534918829371382485446588901,12,132.0,223.0,175.0,285.0
