sop,inst,x_min,y_min,x_max,y_max
1.3.6.1.4.1.14519.5.2.1.6655.2359.130352583605965402778942144309,21,111.0,259.0,135.0,287.0
1.3.6.1.4.1.14519.5.2.1.6655.2359.412081809628289414869291853329,22,101.0,256.0,139.0,297.0
1.3.6.1.4.1.14519.5.2.1.6655.2359.307816065272090147640042784430,23,112.0,262.0,137.0,289.0
1.3.6.1.4.1.14519.5.2.1.6655.2359.303383402848803776901404167313,24,114.0,271.0,132.0,291.0
