sop,inst,x_min,y_min,x_max,y_max
1.3.6.1.4.1.14519.5.2.1.6655.2359.214563271778244927727556507347,21,110.0,260.0,130.0,287.0
1.3.6.1.4.1.14519.5.2.1.6655.2359.987311096234656852770146659029,22,107.0,259.0,136.0,288.0
1.3.6.1.4.1.14519.5.2.1.6655.2359.608567802874222329876914643967,23,106.0,262.0,137.0,292.0
