sop,inst,x_min,y_min,x_max,y_max
1.3.6.1.4.1.14519.5.2.1.6655.2359.258481510548626715932606499707,6,205.0,306.0,242.0,330.0
1.3.6.1.4.1.14519.5.2.1.6655.2359.180486188800941107117212405373,7,191.0,300.0,241.0,338.0
1.3.6.1.4.1.14519.5.2.1.6655.2359.156076377358801489773381371497,8,181.0,278.0,228.0,324.0
