sop,inst,x_min,y_min,x_max,y_max
1.3.6.1.4.1.14519.5.2.1.6655.2359.109982850406744181367283794645,33,119.0,345.0,163.0,384.0
1.3.6.1.4.1.14519.5.2.1.6655.2359.303032461511196494142492346593,34,114.0,333.0,167.0,398.0
1.3.6.1.4.1.14519.5.2.1.6655.2359.269034582178258653364501361195,35,111.0,327.0,171.0,399.0
1.3.6.1.4.1.14519.5.2.1.6655.2359.330482656298442513775226084453,36,101.0,332.0,172.0,398.0
1.3.6.1.4.1.14519.5.2.1.6655.2359.135035483297793286858334809355,37,104.0,327.0,172.0,403.0
1.3.6.1.4.1.14519.5.2.1.6655.2359.252916022706896445565089757562,38,108.0,326.0,163.0,390.0
