sop,inst,x_min,y_min,x_max,y_max
1.3.6.1.4.1.14519.5.2.1.6655.2359.130637687257484308541815437698,3,378.0,283.0,398.0,313.0
1.3.6.1.4.1.14519.5.2.1.6655.2359.240501548492703422433175218468,4,365.0,280.0,409.0,324.0
1.3.6.1.4.1.14519.5.2.1.6655.2359.233577815414133754235296716923,8,375.0,284.0,394.0,309.0
