sop,inst,x_min,y_min,x_max,y_max
1.3.6.1.4.1.14519.5.2.1.6655.2359.251306290215670844472724806614,3,360.0,283.0,404.0,321.0
1.3.6.1.4.1.14519.5.2.1.6655.2359.287459784316128146490032431929,4,357.0,280.0,407.0,324.0
1.3.6.1.4.1.14519.5.2.1.6655.2359.179923292285949648501355120725,5,358.0,270.0,406.0,322.0
1.3.6.1.4.1.14519.5.2.1.6655.2359.632964957708362303600004460046,7,360.0,270.0,401.0,319.0
1.3.6.1.4.1.14519.5.2.1.6655.2359.492583187882134733041877165028,8,362.0,277.0,394.0,314.0
