sop,inst,x_min,y_min,x_max,y_max
1.3.6.1.4.1.14519.5.2.1.6655.2359.566287494480215468078234762032,3,372.0,284.0,401.0,321.0
1.3.6.1.4.1.14519.5.2.1.6655.2359.472260145826236466896334654875,4,359.0,279.0,407.0,324.0
1.3.6.1.4.1.14519.5.2.1.6655.2359.106051884007635042036754182832,5,360.0,274.0,403.0,318.0
1.3.6.1.4.1.14519.5.2.1.6655.2359.181160790765284304764865949934,6,363.0,273.0,403.0,320.0
1.3.6.1.4.1.14519.5.2.1.6655.2359.168719284485652831871275731204,7,363.0,274.0,397.0,315.0
1.3.6.1.4.1.14519.5.2.1.6655.2359.187776247292449420869861113229,8,367.0,281.0,390.0,313.0
