sop,inst,x_min,y_min,x_max,y_max
1.3.6.1.4.1.14519.5.2.1.6655.2359.243795588841891783435464212913,14,302.0,313.0,344.0,352.0
1.3.6.1.4.1.14519.5.2.1.6655.2359.964037911074465607559361952503,15,303.0,316.0,341.0,359.0
1.3.6.1.4.1.14519.5.2.1.6655.2359.251162323792629255926351589000,16,301.0,323.0,353.0,364.0
1.3.6.1.4.1.14519.5.2.1.6655.2359.154583992658535961718747264549,17,300.0,328.0,344.0,368.0
1.3.6.1.4.1.14519.5.2.1.6655.2359.131574555043407701831770425471,18,301.0,323.0,344.0,370.0
