sop,inst,x_min,y_min,x_max,y_max
1.3.6.1.4.1.14519.5.2.1.6655.2359.101963093721793850959851840837,14,151.0,231.0,181.0,266.0
1.3.6.1.4.1.14519.5.2.1.6655.2359.545823694128318510785299853365,15,144.0,228.0,176.0,265.0
1.3.6.1.4.1.14519.5.2.1.6655.2359.328828495445087605777969157477,16,142.0,228.0,178.0,259.0
