sop,inst,x_min,y_min,x_max,y_max
1.3.6.1.4.1.14519.5.2.1.6655.2359.120602204466931697908065976050,14,148.0,235.0,187.0,268.0
1.3.6.1.4.1.14519.5.2.1.6655.2359.338549143698672886177016143368,15,142.0,233.0,180.0,267.0
1.3.6.1.4.1.14519.5.2.1.6655.2359.107770806139317337022967694334,16,146.0,230.0,181.0,267.0
