sop,inst,x_min,y_min,x_max,y_max
1.3.6.1.4.1.14519.5.2.1.6655.2359.112363444290839367208967755395,14,149.0,229.0,180.0,266.0
1.3.6.1.4.1.14519.5.2.1.6655.2359.271387376666742716579591624890,15,149.0,227.0,179.0,271.0
1.3.6.1.4.1.14519.5.2.1.6655.2359.336315866967453259466874802739,16,146.0,227.0,192.0,264.0
