sop,inst,x_min,y_min,x_max,y_max
1.3.6.1.4.1.14519.5.2.1.6655.2359.116062543314946454252103472175,43,348.0,239.0,387.0,268.0
1.3.6.1.4.1.14519.5.2.1.6655.2359.278942791158824761595982776628,44,349.0,236.0,383.0,274.0
1.3.6.1.4.1.14519.5.2.1.6655.2359.299166273443254240476494349223,45,342.0,232.0,388.0,280.0
1.3.6.1.4.1.14519.5.2.1.6655.2359.316864657366804069376354416266,46,337.0,225.0,390.0,287.0
1.3.6.1.4.1.14519.5.2.1.6655.2359.428648029898032022885012361316,47,338.0,225.0,393.0,288.0
1.3.6.1.4.1.14519.5.2.1.6655.2359.311430014635805633273095703276,48,337.0,229.0,391.0,293.0
1.3.6.1.4.1.14519.5.2.1.6655.2359.301958021906396859016989061074,49,339.0,232.0,394.0,290.0
1.3.6.1.4.1.14519.5.2.1.6655.2359.788634619825111554172412116961,50,315.0,223.0,391.0,296.0
