sop,inst,x_min,y_min,x_max,y_max
1.3.6.1.4.1.14519.5.2.1.6655.2359.255355654694273031939967587094,35,132.0,358.0,162.0,388.0
1.3.6.1.4.1.14519.5.2.1.6655.2359.189939123130476917700602205904,36,132.0,356.0,166.0,394.0
1.3.6.1.4.1.14519.5.2.1.6655.2359.326902149979991671203750872536,37,130.0,355.0,163.0,393.0
1.3.6.1.4.1.14519.5.2.1.6655.2359.183071814712105111553653202650,38,126.0,352.0,161.0,390.0
