sop,inst,x_min,y_min,x_max,y_max
1.3.6.1.4.1.14519.5.2.1.6655.2359.310045688173275314020195142771,35,129.0,357.0,163.0,393.0
1.3.6.1.4.1.14519.5.2.1.6655.2359.219959251354604318153275130970,36,134.0,357.0,163.0,394.0
1.3.6.1.4.1.14519.5.2.1.6655.2359.196015631064405857609561319896,37,134.0,356.0,164.0,398.0
1.3.6.1.4.1.14519.5.2.1.6655.2359.106092508678390899075341280799,38,128.0,356.0,166.0,388.0
