sop,inst,x_min,y_min,x_max,y_max
1.3.6.1.4.1.14519.5.2.1.6655.2359.234892741225772444525080818941,27,198.0,268.0,225.0,298.0
1.3.6.1.4.1.14519.5.2.1.6655.2359.212503257774480534981258366550,28,199.0,270.0,225.0,298.0
