sop,inst,x_min,y_min,x_max,y_max
1.3.6.1.4.1.14519.5.2.1.6655.2359.318970256461359751295437284384,38,365.0,257.0,413.0,307.0
1.3.6.1.4.1.14519.5.2.1.6655.2359.200443580950126547835208206448,39,352.0,253.0,410.0,315.0
1.3.6.1.4.1.14519.5.2.1.6655.2359.115689413378759613922903589703,40,339.0,256.0,417.0,322.0
1.3.6.1.4.1.14519.5.2.1.6655.2359.271507283631192668478666814592,41,341.0,254.0,419.0,324.0
1.3.6.1.4.1.14519.5.2.1.6655.2359.285508574053989496367025784001,42,337.0,250.0,416.0,321.0
1.3.6.1.4.1.14519.5.2.1.6655.2359.245889170302840490586405666700,43,348.0,262.0,407.0,316.0
1.3.6.1.4.1.14519.5.2.1.6655.2359.170851667381955381048692848253,44,371.0,273.0,415.0,310.0
