sop,inst,x_min,y_min,x_max,y_max
1.3.6.1.4.1.14519.5.2.1.6655.2359.292313357112589512929984580902,24,146.0,292.0,218.0,360.0
1.3.6.1.4.1.14519.5.2.1.6655.2359.270656791014186745978255082202,25,145.0,290.0,220.0,371.0
1.3.6.1.4.1.14519.5.2.1.6655.2359.109710831291960568511054857254,26,138.0,282.0,222.0,377.0
1.3.6.1.4.1.14519.5.2.1.6655.2359.407128225656194285298046740267,27,135.0,284.0,222.0,372.0
1.3.6.1.4.1.14519.5.2.1.6655.2359.261677746120303101877510659866,28,144.0,278.0,225.0,376.0
1.3.6.1.4.1.14519.5.2.1.6655.2359.536820147518191097415948414958,29,157.0,293.0,216.0,359.0
