sop,inst,x_min,y_min,x_max,y_max
1.3.6.1.4.1.14519.5.2.1.6655.2359.232067274877606908121539154504,1,189.0,280.0,219.0,311.0
1.3.6.1.4.1.14519.5.2.1.6655.2359.198163738391481214879092493669,2,184.0,276.0,219.0,312.0
1.3.6.1.4.1.14519.5.2.1.6655.2359.120342006414977632068466738863,3,185.0,275.0,222.0,312.0
1.3.6.1.4.1.14519.5.2.1.6655.2359.211814386974514039524522979523,4,191.0,279.0,223.0,312.0
