sop,inst,x_min,y_min,x_max,y_max
1.3.6.1.4.1.14519.5.2.1.6655.2359.327062846057036833566536969014,24,193.0,303.0,218.0,330.0
1.3.6.1.4.1.14519.5.2.1.6655.2359.114630301089341890631396973734,25,187.0,301.0,216.0,332.0
1.3.6.1.4.1.14519.5.2.1.6655.2359.303040037870026733086487780675,26,182.0,298.0,219.0,335.0
1.3.6.1.4.1.14519.5.2.1.6655.2359.987876290001341239548543718745,27,184.0,299.0,219.0,333.0
1.3.6.1.4.1.14519.5.2.1.6655.2359.649432372240730073611065448076,41,190.0,287.0,225.0,318.0
1.3.6.1.4.1.14519.5.2.1.6655.2359.458553229273678472925482038146,42,191.0,281.0,223.0,314.0
1.3.6.1.4.1.14519.5.2.1.6655.2359.178095971670147650885761546135,43,186.0,272.0,227.0,311.0
1.3.6.1.4.1.14519.5.2.1.6655.2359.333192281652024924333035393065,44,186.0,275.0,224.0,307.0
