sop,inst,x_min,y_min,x_max,y_max
1.3.6.1.4.1.14519.5.2.1.6655.2359.142046581932508777878829313811,8,148.0,213.0,188.0,256.0
