sop,inst,x_min,y_min,x_max,y_max
1.3.6.1.4.1.14519.5.2.1.6655.2359.322902984986137655618460885422,8,154.0,215.0,185.0,248.0
1.3.6.1.4.1.14519.5.2.1.6655.2359.210733108952222976427043969339,9,148.0,215.0,192.0,248.0
