sop,inst,x_min,y_min,x_max,y_max
1.3.6.1.4.1.14519.5.2.1.6655.2359.190220106107161865802638312533,7,152.0,215.0,189.0,252.0
1.3.6.1.4.1.14519.5.2.1.6655.2359.299708756558564835495452138959,8,154.0,210.0,188.0,253.0
1.3.6.1.4.1.14519.5.2.1.6655.2359.183828227570295065625765906190,9,145.0,207.0,193.0,257.0
